insert into linea (numeroLinea, nombre) values (1, 'Rosa');
insert into linea (numeroLinea, nombre) values (2, 'Azul');
insert into linea (numeroLinea, nombre) values (3, 'Olivo');
insert into linea (numeroLinea, nombre) values (4, 'Cian');
insert into linea (numeroLinea, nombre) values (5, 'Amarillo');
insert into linea (numeroLinea, nombre) values (6, 'Rojo');
insert into linea (numeroLinea, nombre) values (7, 'Naranja');
insert into linea (numeroLinea, nombre) values (8, 'Verde');
insert into linea (numeroLinea, nombre) values (9, 'Cafe');
insert into linea (numeroLinea, nombre) values (10, 'Morado');
insert into linea (numeroLinea, nombre) values (11, 'Gris');
insert into linea (numeroLinea, nombre) values (12, 'Oro');

insert into tren (idTren, vagones, estatus, numeroLinea) values (1626, 7, false, 7);
insert into tren (idTren, vagones, estatus, numeroLinea) values (1384, 8, true, 1);
insert into tren (idTren, vagones, estatus, numeroLinea) values (1130, 5, false, 3);
insert into tren (idTren, vagones, estatus, numeroLinea) values (1850, 7, true, 2);
insert into tren (idTren, vagones, estatus, numeroLinea) values (1565, 8, false, 5);
insert into tren (idTren, vagones, estatus, numeroLinea) values (1586, 8, false, 10);
insert into tren (idTren, vagones, estatus, numeroLinea) values (1575, 8, true, 8);
insert into tren (idTren, vagones, estatus, numeroLinea) values (1388, 7, true, 12);
insert into tren (idTren, vagones, estatus, numeroLinea) values (1190, 5, true, 8);
insert into tren (idTren, vagones, estatus, numeroLinea) values (1650, 8, true, 1);
insert into tren (idTren, vagones, estatus, numeroLinea) values (1643, 7, false, 10);
insert into tren (idTren, vagones, estatus, numeroLinea) values (1814, 4, true, 10);
insert into tren (idTren, vagones, estatus, numeroLinea) values (1005, 6, false, 9);
insert into tren (idTren, vagones, estatus, numeroLinea) values (1075, 5, true, 5);
insert into tren (idTren, vagones, estatus, numeroLinea) values (1958, 6, true, 12);
insert into tren (idTren, vagones, estatus, numeroLinea) values (1208, 4, true, 6);
insert into tren (idTren, vagones, estatus, numeroLinea) values (1285, 8, false, 9);
insert into tren (idTren, vagones, estatus, numeroLinea) values (1042, 4, true, 12);
insert into tren (idTren, vagones, estatus, numeroLinea) values (1799, 6, false, 10);
insert into tren (idTren, vagones, estatus, numeroLinea) values (1401, 5, true, 3);
insert into tren (idTren, vagones, estatus, numeroLinea) values (1419, 5, false, 8);
insert into tren (idTren, vagones, estatus, numeroLinea) values (1556, 7, false, 12);
insert into tren (idTren, vagones, estatus, numeroLinea) values (1970, 5, true, 3);
insert into tren (idTren, vagones, estatus, numeroLinea) values (1664, 6, true, 8);
insert into tren (idTren, vagones, estatus, numeroLinea) values (1886, 8, false, 10);
insert into tren (idTren, vagones, estatus, numeroLinea) values (1343, 5, false, 2);
insert into tren (idTren, vagones, estatus, numeroLinea) values (1218, 8, true, 9);
insert into tren (idTren, vagones, estatus, numeroLinea) values (1161, 6, false, 7);
insert into tren (idTren, vagones, estatus, numeroLinea) values (1771, 4, false, 11);
insert into tren (idTren, vagones, estatus, numeroLinea) values (1654, 5, true, 7);
insert into tren (idTren, vagones, estatus, numeroLinea) values (1560, 7, false, 1);
insert into tren (idTren, vagones, estatus, numeroLinea) values (1394, 8, true, 3);
insert into tren (idTren, vagones, estatus, numeroLinea) values (1239, 4, true, 7);
insert into tren (idTren, vagones, estatus, numeroLinea) values (1962, 5, true, 5);
insert into tren (idTren, vagones, estatus, numeroLinea) values (1295, 7, true, 10);
insert into tren (idTren, vagones, estatus, numeroLinea) values (1936, 6, true, 11);
insert into tren (idTren, vagones, estatus, numeroLinea) values (1402, 7, true, 12);
insert into tren (idTren, vagones, estatus, numeroLinea) values (1686, 7, true, 4);
insert into tren (idTren, vagones, estatus, numeroLinea) values (1537, 4, true, 3);
insert into tren (idTren, vagones, estatus, numeroLinea) values (1044, 8, true, 9);
insert into tren (idTren, vagones, estatus, numeroLinea) values (1733, 7, true, 7);
insert into tren (idTren, vagones, estatus, numeroLinea) values (1719, 5, false, 7);
insert into tren (idTren, vagones, estatus, numeroLinea) values (1152, 8, false, 10);
insert into tren (idTren, vagones, estatus, numeroLinea) values (1592, 8, true, 11);
insert into tren (idTren, vagones, estatus, numeroLinea) values (1341, 8, false, 11);
insert into tren (idTren, vagones, estatus, numeroLinea) values (1637, 6, true, 3);
insert into tren (idTren, vagones, estatus, numeroLinea) values (1000, 5, false, 8);
insert into tren (idTren, vagones, estatus, numeroLinea) values (1765, 8, true, 3);
insert into tren (idTren, vagones, estatus, numeroLinea) values (1101, 5, true, 10);
insert into tren (idTren, vagones, estatus, numeroLinea) values (1413, 7, true, 5);

insert into acceso (numeroAcceso, numeroLinea, numeroEstacion, inicio, fin) values ('35455648', '466072543', '293683313', '9:53 PM', '4:57 PM');
insert into acceso (numeroAcceso, numeroLinea, numeroEstacion, inicio, fin) values ('7567449714', '665839012', '829100343', '11:15 AM', '3:46 AM');
insert into acceso (numeroAcceso, numeroLinea, numeroEstacion, inicio, fin) values ('2733606840', '309192248', '294117290', '3:56 PM', '1:21 AM');
insert into acceso (numeroAcceso, numeroLinea, numeroEstacion, inicio, fin) values ('9090664823', '397174622', '462488725', '7:01 AM', '4:54 AM');
insert into acceso (numeroAcceso, numeroLinea, numeroEstacion, inicio, fin) values ('6921517861', '591506778', '807225049', '11:15 AM', '7:30 AM');
insert into acceso (numeroAcceso, numeroLinea, numeroEstacion, inicio, fin) values ('3298998303', '871893613', '923341109', '10:22 AM', '1:45 AM');
insert into acceso (numeroAcceso, numeroLinea, numeroEstacion, inicio, fin) values ('1737210002', '509422638', '155808534', '1:50 PM', '12:57 PM');
insert into acceso (numeroAcceso, numeroLinea, numeroEstacion, inicio, fin) values ('0267679645', '868511806', '787738832', '7:16 AM', '8:46 AM');
insert into acceso (numeroAcceso, numeroLinea, numeroEstacion, inicio, fin) values ('6383214861', '550987923', '418789154', '9:49 AM', '12:23 PM');
insert into acceso (numeroAcceso, numeroLinea, numeroEstacion, inicio, fin) values ('7900064052', '304831073', '371299793', '10:54 AM', '7:17 PM');
insert into acceso (numeroAcceso, numeroLinea, numeroEstacion, inicio, fin) values ('7727402966', '276585083', '575001445', '4:56 AM', '8:40 PM');
insert into acceso (numeroAcceso, numeroLinea, numeroEstacion, inicio, fin) values ('5174416088', '013034858', '595415694', '9:17 PM', '6:04 PM');

insert into conductor (curp, nombre, paterno, materno, genero) values ('AICV963497ZLRCMDH8', 'Rhianna', 'Tuxwell', 'Hoofe', 'Female');
insert into conductor (curp, nombre, paterno, materno, genero) values ('DOET837368JYAGFMS6', 'Mae', 'Mayward', 'Bembrick', 'Non-binary');
insert into conductor (curp, nombre, paterno, materno, genero) values ('KUEJ718294WSBKMPO3', 'Brigid', 'Neachell', 'Chotty', 'Female');
insert into conductor (curp, nombre, paterno, materno, genero) values ('JUOR528299FZVBBFD0', 'Shirlene', 'Faughnan', 'Claringbold', 'Female');
insert into conductor (curp, nombre, paterno, materno, genero) values ('KVQV394417OLCUIPZ9', 'Carmel', 'Ginnally', 'Matskiv', 'Female');
insert into conductor (curp, nombre, paterno, materno, genero) values ('ZMGR146002PAJSRZK0', 'Tanhya', 'Bartley', 'Cardwell', 'Female');
insert into conductor (curp, nombre, paterno, materno, genero) values ('LMCE980426FFXLAKZ9', 'Quinn', 'Falkus', 'Dallimare', 'Male');
insert into conductor (curp, nombre, paterno, materno, genero) values ('TDAY102746IUCYNEZ9', 'Andie', 'Vaadeland', 'Barry', 'Female');
insert into conductor (curp, nombre, paterno, materno, genero) values ('JHSO932819EDDQUPJ4', 'Betti', 'Torritti', 'Duthie', 'Female');
insert into conductor (curp, nombre, paterno, materno, genero) values ('KNOY280542LEXRLKE0', 'Lucien', 'Marie', 'Sabbatier', 'Male');
insert into conductor (curp, nombre, paterno, materno, genero) values ('TVOC097592MOIPAKK5', 'Aloysius', 'Gocher', 'Menezes', 'Male');
insert into conductor (curp, nombre, paterno, materno, genero) values ('YSRJ571970VZHYANI6', 'Jermaine', 'Drysdall', 'Spinelli', 'Male');
insert into conductor (curp, nombre, paterno, materno, genero) values ('DSGP054025HVKWZFW8', 'Linn', 'Sunshine', 'Rylstone', 'Genderqueer');
insert into conductor (curp, nombre, paterno, materno, genero) values ('VWRK666154ZXXTHDS3', 'Maxie', 'Copyn', 'Heys', 'Male');
insert into conductor (curp, nombre, paterno, materno, genero) values ('CCAO960226GIYSWSF4', 'Kesley', 'Pinch', 'Guinnane', 'Female');
insert into conductor (curp, nombre, paterno, materno, genero) values ('DRJP128316FBCWKUD8', 'Roselin', 'Preuvost', 'Loddy', 'Female');
insert into conductor (curp, nombre, paterno, materno, genero) values ('LDKG326533PVONJBW5', 'Chick', 'Downgate', 'Newhouse', 'Male');
insert into conductor (curp, nombre, paterno, materno, genero) values ('UCJI995160XNLKTVW3', 'Nicholle', 'Badsey', 'Mounce', 'Female');
insert into conductor (curp, nombre, paterno, materno, genero) values ('MWZN321005OZESDSF2', 'Asher', 'Mauser', 'Mathewson', 'Male');
insert into conductor (curp, nombre, paterno, materno, genero) values ('TQVK362620YMEIVTC0', 'Anni', 'Grodden', 'Smeall', 'Female');
insert into conductor (curp, nombre, paterno, materno, genero) values ('TCSP364060VPJPAAG5', 'Ollie', 'Kubyszek', 'Gullam', 'Female');
insert into conductor (curp, nombre, paterno, materno, genero) values ('XSSZ667276LJTUVEM8', 'Rodd', 'Leipnik', 'Oakeshott', 'Male');
insert into conductor (curp, nombre, paterno, materno, genero) values ('NWZD438692LGKWGFZ8', 'Pascal', 'Aizic', 'Guilaem', 'Male');
insert into conductor (curp, nombre, paterno, materno, genero) values ('RPJP848606KFVFRAX0', 'Beauregard', 'Khoter', 'Winson', 'Male');
insert into conductor (curp, nombre, paterno, materno, genero) values ('WQCP140489MJBNGYJ5', 'Ludovico', 'Cranmor', 'Nesbit', 'Male');
insert into conductor (curp, nombre, paterno, materno, genero) values ('ZPUF477117EXVQFAZ1', 'Ronnica', 'Grassin', 'Stennett', 'Female');
insert into conductor (curp, nombre, paterno, materno, genero) values ('YVUO422327EJDSLRY1', 'Monica', 'Atmore', 'Tweddell', 'Female');
insert into conductor (curp, nombre, paterno, materno, genero) values ('SXOQ728603MCDUUXA5', 'Sergent', 'Flowerdew', 'Millican', 'Male');
insert into conductor (curp, nombre, paterno, materno, genero) values ('JABL447858INAQYEG9', 'Zena', 'Burnand', 'Mullen', 'Female');
insert into conductor (curp, nombre, paterno, materno, genero) values ('SNNY851959VAOMBAJ3', 'Babette', 'Cantle', 'Pincott', 'Female');
insert into conductor (curp, nombre, paterno, materno, genero) values ('BZVS052088PMHEVCB9', 'Maggy', 'Colborn', 'Perone', 'Female');
insert into conductor (curp, nombre, paterno, materno, genero) values ('BLRU213335HNCDWYA4', 'Natala', 'Denge', 'Payne', 'Female');
insert into conductor (curp, nombre, paterno, materno, genero) values ('KQYW785166YHHWAGC3', 'Jamison', 'Shortland', 'Sandey', 'Male');
insert into conductor (curp, nombre, paterno, materno, genero) values ('PGOM620807EHPUUHV5', 'Hendrick', 'Restall', 'Kunert', 'Male');
insert into conductor (curp, nombre, paterno, materno, genero) values ('IUSH818214VSRSYNR9', 'Stafani', 'Moncreiff', 'Borham', 'Female');
insert into conductor (curp, nombre, paterno, materno, genero) values ('QIVI579149CQGJEJA6', 'Hildagard', 'Erangey', 'Cruikshank', 'Polygender');
insert into conductor (curp, nombre, paterno, materno, genero) values ('KBWT203859JSZDAAF0', 'Coralie', 'Martijn', 'Minter', 'Female');
insert into conductor (curp, nombre, paterno, materno, genero) values ('YMKQ524009YRAZAQX4', 'Kincaid', 'Garvin', 'Birt', 'Male');
insert into conductor (curp, nombre, paterno, materno, genero) values ('VAWF643301CJMPBKY7', 'Idaline', 'McDonnell', 'Kubal', 'Female');
insert into conductor (curp, nombre, paterno, materno, genero) values ('FSRX904896BWYMVWN8', 'Wyndham', 'Colson', 'Kimbrough', 'Male');
insert into conductor (curp, nombre, paterno, materno, genero) values ('WKHU858973ASGBBQJ4', 'Darelle', 'Crosi', 'Titcombe', 'Non-binary');
insert into conductor (curp, nombre, paterno, materno, genero) values ('SVEN667681AVORPZF2', 'Thalia', 'Douce', 'Churching', 'Female');
insert into conductor (curp, nombre, paterno, materno, genero) values ('WJLD337547SJPVOWU2', 'Mathew', 'Bogeys', 'Boyer', 'Male');
insert into conductor (curp, nombre, paterno, materno, genero) values ('EBEL068469SAHAXZP0', 'Tish', 'Faraday', 'Mar', 'Female');
insert into conductor (curp, nombre, paterno, materno, genero) values ('YXFY893940ZHBURGU1', 'Englebert', 'Wrettum', 'Georgiades', 'Male');
insert into conductor (curp, nombre, paterno, materno, genero) values ('RDVD081182CCKMWBK0', 'Bonita', 'Broxap', 'Currier', 'Non-binary');
insert into conductor (curp, nombre, paterno, materno, genero) values ('ONKP691734XFYSAQG8', 'Che', 'Dodamead', 'Tindley', 'Male');
insert into conductor (curp, nombre, paterno, materno, genero) values ('NECP210107DTPJMAW0', 'Kipp', 'Crosskell', 'Manger', 'Female');
insert into conductor (curp, nombre, paterno, materno, genero) values ('RIFR970461JLFSZRZ9', 'Ursala', 'Jakubovits', 'Sikorski', 'Female');
insert into conductor (curp, nombre, paterno, materno, genero) values ('FVVD588483ISJQZUX9', 'Puff', 'Clarkin', 'Flageul', 'Male');

insert into conducir (Inicio, Fin, Fecha, idTren, curp) values ('5:29', '0:20', '2022/11/03', 3, 'AICV963497ZLRCMDH8');
insert into conducir (Inicio, Fin, Fecha, idTren, curp) values ('11:34', '3:23', '2022/11/09', 8, 'DOET837368JYAGFMS6');
insert into conducir (Inicio, Fin, Fecha, idTren, curp) values ('9:17', '7:36', '2022/11/12', 7, 'KUEJ718294WSBKMPO3');
insert into conducir (Inicio, Fin, Fecha, idTren, curp) values ('11:51', '2:29', '2022/11/02', 4, 'JUOR528299FZVBBFD0');
insert into conducir (Inicio, Fin, Fecha, idTren, curp) values ('8:43', '12:22', '2022/11/08', 10, 'KVQV394417OLCUIPZ9');
insert into conducir (Inicio, Fin, Fecha, idTren, curp) values ('11:37', '5:31', '2022/10/30', 11, 'ZMGR146002PAJSRZK0');
insert into conducir (Inicio, Fin, Fecha, idTren, curp) values ('7:25', '3:53', '2022/10/26', 1, 'LMCE980426FFXLAKZ9');
insert into conducir (Inicio, Fin, Fecha, idTren, curp) values ('7:35', '0:50', '2022/11/16', 4, 'TDAY102746IUCYNEZ9');
insert into conducir (Inicio, Fin, Fecha, idTren, curp) values ('6:16', '8:39', '2022/11/10', 7, 'JHSO932819EDDQUPJ4');
insert into conducir (Inicio, Fin, Fecha, idTren, curp) values ('8:59', '12:09', '2022/11/15', 5, 'KNOY280542LEXRLKE0');
insert into conducir (Inicio, Fin, Fecha, idTren, curp) values ('7:02', '11:13', '2022/11/06', 10, 'TVOC097592MOIPAKK5');
insert into conducir (Inicio, Fin, Fecha, idTren, curp) values ('8:59', '5:40', '2022/11/04', 12, 'YSRJ571970VZHYANI6');
insert into conducir (Inicio, Fin, Fecha, idTren, curp) values ('5:36', '1:58', '2022/11/05', 5, 'DSGP054025HVKWZFW8');
insert into conducir (Inicio, Fin, Fecha, idTren, curp) values ('10:23', '8:36', '2022/11/10', 12, 'VWRK666154ZXXTHDS3');
insert into conducir (Inicio, Fin, Fecha, idTren, curp) values ('6:36', '6:29', '2022/11/05', 2, 'CCAO960226GIYSWSF4');
insert into conducir (Inicio, Fin, Fecha, idTren, curp) values ('6:24', '0:24', '2022/11/19', 3, 'DRJP128316FBCWKUD8');
insert into conducir (Inicio, Fin, Fecha, idTren, curp) values ('10:04', '1:08', '2022/11/23', 11, 'LDKG326533PVONJBW5');
insert into conducir (Inicio, Fin, Fecha, idTren, curp) values ('11:44', '5:23', '2022/11/16', 1, 'UCJI995160XNLKTVW3');
insert into conducir (Inicio, Fin, Fecha, idTren, curp) values ('5:50', '1:00', '2022/11/23', 8, 'MWZN321005OZESDSF2');
insert into conducir (Inicio, Fin, Fecha, idTren, curp) values ('8:46', '2:04', '2022/11/07', 7, 'TQVK362620YMEIVTC0');
insert into conducir (Inicio, Fin, Fecha, idTren, curp) values ('9:12', '1:44', '2022/11/10', 7, 'TCSP364060VPJPAAG5');
insert into conducir (Inicio, Fin, Fecha, idTren, curp) values ('5:00', '4:53', '2022/11/19', 1, 'XSSZ667276LJTUVEM8');
insert into conducir (Inicio, Fin, Fecha, idTren, curp) values ('5:30', '1:54', '2022/11/14', 10, 'NWZD438692LGKWGFZ8');
insert into conducir (Inicio, Fin, Fecha, idTren, curp) values ('10:47', '12:38', '2022/10/25', 10, 'RPJP848606KFVFRAX0');
insert into conducir (Inicio, Fin, Fecha, idTren, curp) values ('7:51', '11:01', '2022/11/19', 10, 'WQCP140489MJBNGYJ5');
insert into conducir (Inicio, Fin, Fecha, idTren, curp) values ('5:34', '3:07', '2022/11/16', 12, 'ZPUF477117EXVQFAZ1');
insert into conducir (Inicio, Fin, Fecha, idTren, curp) values ('10:21', '9:44', '2022/10/25', 6, 'YVUO422327EJDSLRY1');
insert into conducir (Inicio, Fin, Fecha, idTren, curp) values ('7:59', '8:37', '2022/11/17', 4, 'SXOQ728603MCDUUXA5');
insert into conducir (Inicio, Fin, Fecha, idTren, curp) values ('5:15', '10:17', '2022/11/07', 6, 'FVVD588483ISJQZUX9');
insert into conducir (Inicio, Fin, Fecha, idTren, curp) values ('11:11', '1:45', '2022/10/26', 6, 'RIFR970461JLFSZRZ9');
insert into conducir (Inicio, Fin, Fecha, idTren, curp) values ('7:28', '2:12', '2022/11/23', 4, 'NECP210107DTPJMAW0');
insert into conducir (Inicio, Fin, Fecha, idTren, curp) values ('6:35', '9:44', '2022/11/05', 7, 'ONKP691734XFYSAQG8');
insert into conducir (Inicio, Fin, Fecha, idTren, curp) values ('5:03', '3:52', '2022/10/30', 2, 'RDVD081182CCKMWBK0');
insert into conducir (Inicio, Fin, Fecha, idTren, curp) values ('8:15', '5:02', '2022/10/24', 1, 'YXFY893940ZHBURGU1');
insert into conducir (Inicio, Fin, Fecha, idTren, curp) values ('6:42', '8:23', '2022/11/21', 4, 'WJLD337547SJPVOWU2');
insert into conducir (Inicio, Fin, Fecha, idTren, curp) values ('7:01', '2:10', '2022/11/22', 3, 'SVEN667681AVORPZF2');
insert into conducir (Inicio, Fin, Fecha, idTren, curp) values ('10:34', '1:15', '2022/10/26', 8, 'WKHU858973ASGBBQJ4');
insert into conducir (Inicio, Fin, Fecha, idTren, curp) values ('9:31', '2:29', '2022/11/12', 5, 'FSRX904896BWYMVWN8');
insert into conducir (Inicio, Fin, Fecha, idTren, curp) values ('7:10', '6:27', '2022/11/06', 9, 'VAWF643301CJMPBKY7');
insert into conducir (Inicio, Fin, Fecha, idTren, curp) values ('9:31', '5:28', '2022/10/25', 9, 'YMKQ524009YRAZAQX4');
insert into conducir (Inicio, Fin, Fecha, idTren, curp) values ('11:11', '10:18', '2022/11/10', 11, 'KBWT203859JSZDAAF0');
insert into conducir (Inicio, Fin, Fecha, idTren, curp) values ('10:50', '2:17', '2022/11/08', 6, 'QIVI579149CQGJEJA6');
insert into conducir (Inicio, Fin, Fecha, idTren, curp) values ('10:04', '12:59', '2022/11/20', 2, 'IUSH818214VSRSYNR9');
insert into conducir (Inicio, Fin, Fecha, idTren, curp) values ('8:06', '8:01', '2022/10/25', 4, 'PGOM620807EHPUUHV5');
insert into conducir (Inicio, Fin, Fecha, idTren, curp) values ('6:21', '11:41', '2022/11/04', 4, 'KQYW785166YHHWAGC3');
insert into conducir (Inicio, Fin, Fecha, idTren, curp) values ('7:07', '11:08', '2022/11/17', 1, 'BLRU213335HNCDWYA4');
insert into conducir (Inicio, Fin, Fecha, idTren, curp) values ('8:18', '12:29', '2022/10/30', 8, 'BZVS052088PMHEVCB9');
insert into conducir (Inicio, Fin, Fecha, idTren, curp) values ('7:29', '3:20', '2022/10/29', 1, 'SNNY851959VAOMBAJ3');
insert into conducir (Inicio, Fin, Fecha, idTren, curp) values ('5:42', '12:49', '2022/10/30', 2, 'JABL447858INAQYEG9');
insert into conducir (Inicio, Fin, Fecha, idTren, curp) values ('5:17', '0:28', '2022/10/26', 11, 'SXOQ728603MCDUUXA5');