--Persona
--Veterinario
insert into persona (idPersona, nombre, paterno, materno, genero, rfc, nacimiento, calle, numInterior, numExterior, colonia, estado, fechaInicio, fechaFin, especialidad, salarioVet, frecuencia, costoServicio, salarioCuid, horario, diaTrabajo, animalACargo, esVeterinario, esProveedor, esCuidador, esCliente) values (10000, 'Iain', 'Weld', 'Van den Bosch', 'Male', 'FLXL2048854FV', '1988-01-11', 'Sutherland', 31, 387, 'Las Americas', 'Guanajuato', '2021-04-02', '2025-01-01', 'Neurología', 2594.38, null, null, null, null, null, null, true, false, false, true);
insert into persona (idPersona, nombre, paterno, materno, genero, rfc, nacimiento, calle, numInterior, numExterior, colonia, estado, fechaInicio, fechaFin, especialidad, salarioVet, frecuencia, costoServicio, salarioCuid, horario, diaTrabajo, animalACargo, esVeterinario, esProveedor, esCuidador, esCliente) values (10001, 'Joaquin', 'Caudrelier', 'Hunte', 'Male', 'DXLT302952DWE', '1989-07-10', 'Melody', 81, 345, 'El Zapote', 'Guanajuato', '2021-06-28', '2025-06-20', 'Cirugía', 2626.85, null, null, null, null, null, null, true, false, false, false);
insert into persona (idPersona, nombre, paterno, materno, genero, rfc, nacimiento, calle, numInterior, numExterior, colonia, estado, fechaInicio, fechaFin, especialidad, salarioVet, frecuencia, costoServicio, salarioCuid, horario, diaTrabajo, animalACargo, esVeterinario, esProveedor, esCuidador, esCliente) values (10002, 'Jamil', 'Vesque', 'Bruntjen', 'Male', 'VEWY415436UZ2', '1985-12-28', 'Clemons', 16, 395, 'Vista Hermosa', 'Tamaulipas', '2021-09-13', '2025-03-18', 'Neurología', 3145.07, null, null, null, null, null, null, true, false, false, false);
insert into persona (idPersona, nombre, paterno, materno, genero, rfc, nacimiento, calle, numInterior, numExterior, colonia, estado, fechaInicio, fechaFin, especialidad, salarioVet, frecuencia, costoServicio, salarioCuid, horario, diaTrabajo, animalACargo, esVeterinario, esProveedor, esCuidador, esCliente) values (10003, 'Selma', 'Yezafovich', 'Schumacher', 'Female', 'MNVH735770ZAZ', '1980-12-08', 'Sutherland', 64, 500, 'San Juan', 'Chiapas', '2021-05-25', '2025-11-26', 'Oftalmología', 3327.74, null, null, null, null, null, null, true, false, false, true);
insert into persona (idPersona, nombre, paterno, materno, genero, rfc, nacimiento, calle, numInterior, numExterior, colonia, estado, fechaInicio, fechaFin, especialidad, salarioVet, frecuencia, costoServicio, salarioCuid, horario, diaTrabajo, animalACargo, esVeterinario, esProveedor, esCuidador, esCliente) values (10004, 'Thoma', 'Burkitt', 'Mathewes', 'Male', 'YKMN1978258BJ', '1988-05-31', 'Nova', 63, 286, 'La Huerta', 'Mexico', '2021-02-02', '2025-08-20', 'Odontología', 3045.95, null, null, null, null, null, null, true, false, false, true);
insert into persona (idPersona, nombre, paterno, materno, genero, rfc, nacimiento, calle, numInterior, numExterior, colonia, estado, fechaInicio, fechaFin, especialidad, salarioVet, frecuencia, costoServicio, salarioCuid, horario, diaTrabajo, animalACargo, esVeterinario, esProveedor, esCuidador, esCliente) values (10005, 'Ibby', 'Esom', 'Full', 'Bigender', 'QDGY375100LL2', '1990-06-26', 'Spaight', 4, 386, 'Santa Cruz', 'Mexico', '2021-04-03', '2025-03-03', 'Rehabilitación', 2777.99, null, null, null, null, null, null, true, false, false, true);
insert into persona (idPersona, nombre, paterno, materno, genero, rfc, nacimiento, calle, numInterior, numExterior, colonia, estado, fechaInicio, fechaFin, especialidad, salarioVet, frecuencia, costoServicio, salarioCuid, horario, diaTrabajo, animalACargo, esVeterinario, esProveedor, esCuidador, esCliente) values (10006, 'Cindie', 'Britzius', 'Guirardin', 'Female', 'ORAR924289XZK', '1989-12-10', 'Carey', 16, 372, 'Buenavista', 'Mexico', '2021-01-29', '2025-09-07', 'Radiología', 2880.94, null, null, null, null, null, null, true, false, false, true);
insert into persona (idPersona, nombre, paterno, materno, genero, rfc, nacimiento, calle, numInterior, numExterior, colonia, estado, fechaInicio, fechaFin, especialidad, salarioVet, frecuencia, costoServicio, salarioCuid, horario, diaTrabajo, animalACargo, esVeterinario, esProveedor, esCuidador, esCliente) values (10007, 'Crichton', 'Coogan', 'Blant', 'Male', 'PTAR053528E1R', '1999-09-15', 'Namekagon', 60, 237, 'El Aguacate', 'Guerrero', '2021-01-05', '2025-09-24', 'Neurología', 3228.61, null, null, null, null, null, null, true, false, false, true);
insert into persona (idPersona, nombre, paterno, materno, genero, rfc, nacimiento, calle, numInterior, numExterior, colonia, estado, fechaInicio, fechaFin, especialidad, salarioVet, frecuencia, costoServicio, salarioCuid, horario, diaTrabajo, animalACargo, esVeterinario, esProveedor, esCuidador, esCliente) values (10008, 'Elfrida', 'Fedder', 'Turbefield', 'Non-binary', 'PUUY8942189NY', '1988-10-17', 'Del Mar', 76, 344, 'San Francisco', 'Guerrero', '2021-05-23', '2025-10-14', 'Cirugía', 2793.41, null, null, null, null, null, null, true, false, false, true);
insert into persona (idPersona, nombre, paterno, materno, genero, rfc, nacimiento, calle, numInterior, numExterior, colonia, estado, fechaInicio, fechaFin, especialidad, salarioVet, frecuencia, costoServicio, salarioCuid, horario, diaTrabajo, animalACargo, esVeterinario, esProveedor, esCuidador, esCliente) values (10009, 'Ki', 'Tarplee', 'Gritsunov', 'Female', 'CXSE0502635MQ', '1982-06-30', 'Loftsgordon', 40, 425, 'Loma Bonita', 'Guanajuato', '2021-06-28', '2025-04-24', 'Nutrición', 3188.48, null, null, null, null, null, null, true, false, false, false);
insert into persona (idPersona, nombre, paterno, materno, genero, rfc, nacimiento, calle, numInterior, numExterior, colonia, estado, fechaInicio, fechaFin, especialidad, salarioVet, frecuencia, costoServicio, salarioCuid, horario, diaTrabajo, animalACargo, esVeterinario, esProveedor, esCuidador, esCliente) values (10010, 'Rubin', 'Partrick', 'Guslon', 'Male', 'ZHVW044541B2J', '1986-10-24', 'Nancy', 19, 406, 'La Cruz', 'Guanajuato', '2021-09-24', '2025-09-22', 'Radiología', 2622.32, null, null, null, null, null, null, true, false, false, true);
insert into persona (idPersona, nombre, paterno, materno, genero, rfc, nacimiento, calle, numInterior, numExterior, colonia, estado, fechaInicio, fechaFin, especialidad, salarioVet, frecuencia, costoServicio, salarioCuid, horario, diaTrabajo, animalACargo, esVeterinario, esProveedor, esCuidador, esCliente) values (10011, 'Delmor', 'Guppie', 'Broune', 'Male', 'EIKW334503322', '2000-06-04', 'Dixon', 49, 301, 'Luis Donaldo Colosio', 'Coahuila De Zaragoza', '2021-03-12', '2025-07-13', 'Radiología', 2833.49, null, null, null, null, null, null, true, false, false, false);
insert into persona (idPersona, nombre, paterno, materno, genero, rfc, nacimiento, calle, numInterior, numExterior, colonia, estado, fechaInicio, fechaFin, especialidad, salarioVet, frecuencia, costoServicio, salarioCuid, horario, diaTrabajo, animalACargo, esVeterinario, esProveedor, esCuidador, esCliente) values (10012, 'Deloris', 'Milsom', 'Dyson', 'Female', 'KAVW373241ZZX', '1985-03-23', 'Meadow Valley', 20, 322, 'Alameda', 'Jalisco', '2021-09-05', '2025-04-02', 'Endocrinología', 2758.26, null, null, null, null, null, null, true, false, false, true);
insert into persona (idPersona, nombre, paterno, materno, genero, rfc, nacimiento, calle, numInterior, numExterior, colonia, estado, fechaInicio, fechaFin, especialidad, salarioVet, frecuencia, costoServicio, salarioCuid, horario, diaTrabajo, animalACargo, esVeterinario, esProveedor, esCuidador, esCliente) values (10013, 'Alanna', 'Crayke', 'Unworth', 'Female', 'ZERL367865KC3', '1990-02-05', 'East', 65, 214, 'El Tejocote', 'Mexico', '2021-02-19', '2025-09-19', 'Cardiología', 2896.29, null, null, null, null, null, null, true, false, false, false);
insert into persona (idPersona, nombre, paterno, materno, genero, rfc, nacimiento, calle, numInterior, numExterior, colonia, estado, fechaInicio, fechaFin, especialidad, salarioVet, frecuencia, costoServicio, salarioCuid, horario, diaTrabajo, animalACargo, esVeterinario, esProveedor, esCuidador, esCliente) values (10014, 'Riannon', 'McClements', 'McDonand', 'Female', 'HNCE246330YTL', '1981-10-06', 'Swallow', 48, 397, 'Buenavista', 'Guerrero', '2021-04-09', '2025-07-12', 'Oftalmología', 2910.33, null, null, null, null, null, null, true, false, false, false);
insert into persona (idPersona, nombre, paterno, materno, genero, rfc, nacimiento, calle, numInterior, numExterior, colonia, estado, fechaInicio, fechaFin, especialidad, salarioVet, frecuencia, costoServicio, salarioCuid, horario, diaTrabajo, animalACargo, esVeterinario, esProveedor, esCuidador, esCliente) values (10015, 'Orin', 'Castlake', 'Laise', 'Male', 'FZAG790045TUA', '1994-03-31', 'Pine View', 33, 235, 'El Refugio', 'Jalisco', '2021-02-15', '2025-06-04', 'Endocrinología', 3322.44, null, null, null, null, null, null, true, false, false, true);
insert into persona (idPersona, nombre, paterno, materno, genero, rfc, nacimiento, calle, numInterior, numExterior, colonia, estado, fechaInicio, fechaFin, especialidad, salarioVet, frecuencia, costoServicio, salarioCuid, horario, diaTrabajo, animalACargo, esVeterinario, esProveedor, esCuidador, esCliente) values (10016, 'Annissa', 'Casali', 'Nottingham', 'Female', 'MOYW302539HN1', '1994-10-01', 'Brentwood', 43, 391, 'Vicente Guerrero', 'Tabasco', '2021-10-29', '2025-10-05', 'Rehabilitación', 3224.51, null, null, null, null, null, null, true, false, false, false);
insert into persona (idPersona, nombre, paterno, materno, genero, rfc, nacimiento, calle, numInterior, numExterior, colonia, estado, fechaInicio, fechaFin, especialidad, salarioVet, frecuencia, costoServicio, salarioCuid, horario, diaTrabajo, animalACargo, esVeterinario, esProveedor, esCuidador, esCliente) values (10017, 'Kattie', 'Willoughby', 'Leirmonth', 'Genderqueer', 'IZPN263958K0M', '1997-11-20', 'Muir', 97, 375, 'Emiliano Zapata', 'Jalisco', '2020-12-18', '2025-05-11', 'Endocrinología', 2703.8, null, null, null, null, null, null, true, false, false, true);
insert into persona (idPersona, nombre, paterno, materno, genero, rfc, nacimiento, calle, numInterior, numExterior, colonia, estado, fechaInicio, fechaFin, especialidad, salarioVet, frecuencia, costoServicio, salarioCuid, horario, diaTrabajo, animalACargo, esVeterinario, esProveedor, esCuidador, esCliente) values (10018, 'Aleece', 'Birchenhead', 'Buckberry', 'Female', 'NLLL327510KWN', '1987-10-14', 'Anzinger', 20, 387, 'Los Fresnos', 'Tamaulipas', '2021-03-24', '2025-03-16', 'Odontología', 3229.74, null, null, null, null, null, null, true, false, false, false);
insert into persona (idPersona, nombre, paterno, materno, genero, rfc, nacimiento, calle, numInterior, numExterior, colonia, estado, fechaInicio, fechaFin, especialidad, salarioVet, frecuencia, costoServicio, salarioCuid, horario, diaTrabajo, animalACargo, esVeterinario, esProveedor, esCuidador, esCliente) values (10019, 'Matthus', 'McFayden', 'Tonks', 'Male', 'RGAY636106U0D', '1986-09-25', 'Washington', 98, 235, 'San Antonio', 'Guanajuato', '2021-02-19', '2025-07-24', 'Odontología', 3098.49, null, null, null, null, null, null, true, false, false, true);

--Cuidador
insert into persona (idPersona, nombre, paterno, materno, genero, rfc, nacimiento, calle, numInterior, numExterior, colonia, estado, fechaInicio, fechaFin, especialidad, salarioVet, frecuencia, costoServicio, salarioCuid, horario, diaTrabajo, animalACargo, esVeterinario, esProveedor, esCuidador, esCliente) values (10200, 'Lazaro', 'Jenicke', 'Clack', 'Male', 'AZGF967805U7V', '1990-10-21', 'Lillian', 113, 397, 'Guadalupe', 'Chihuahua', '2021-02-04', '2025-02-10', null, null, null, null, 2860.61, '3:06', 7, 'pinguino', false, false, true, true);
insert into persona (idPersona, nombre, paterno, materno, genero, rfc, nacimiento, calle, numInterior, numExterior, colonia, estado, fechaInicio, fechaFin, especialidad, salarioVet, frecuencia, costoServicio, salarioCuid, horario, diaTrabajo, animalACargo, esVeterinario, esProveedor, esCuidador, esCliente) values (10201, 'Jeanna', 'Dobie', 'Redholls', 'Female', 'JCXY096558HCZ', '1982-07-11', 'Warner', 149, 252, 'Francisco Sarabia', 'Chiapas', '2021-01-13', '2024-12-19', null, null, null, null, 2588.87, '11:47', 6, 'delfin', false, false, true, true);
insert into persona (idPersona, nombre, paterno, materno, genero, rfc, nacimiento, calle, numInterior, numExterior, colonia, estado, fechaInicio, fechaFin, especialidad, salarioVet, frecuencia, costoServicio, salarioCuid, horario, diaTrabajo, animalACargo, esVeterinario, esProveedor, esCuidador, esCliente) values (10202, 'Ebba', 'Burniston', 'Milborn', 'Female', 'LWUM2004632ET', '1995-12-13', 'Lotheville', 146, 285, 'Guadalupe Victoria', 'Chiapas', '2021-03-27', '2025-02-24', null, null, null, null, 3329.55, '18:53', 5, 'leon marino', false, false, true, false);
insert into persona (idPersona, nombre, paterno, materno, genero, rfc, nacimiento, calle, numInterior, numExterior, colonia, estado, fechaInicio, fechaFin, especialidad, salarioVet, frecuencia, costoServicio, salarioCuid, horario, diaTrabajo, animalACargo, esVeterinario, esProveedor, esCuidador, esCliente) values (10203, 'Gerhardt', 'Huebner', 'O'' Ronan', 'Bigender', 'NLOE500535YFW', '1992-08-09', 'Village', 156, 374, 'Emiliano Zapata', 'Guanajuato', '2021-02-14', '2025-05-13', null, null, null, null, 2542.12, '18:22', 6, 'cocodrilo', false, false, true, false);
insert into persona (idPersona, nombre, paterno, materno, genero, rfc, nacimiento, calle, numInterior, numExterior, colonia, estado, fechaInicio, fechaFin, especialidad, salarioVet, frecuencia, costoServicio, salarioCuid, horario, diaTrabajo, animalACargo, esVeterinario, esProveedor, esCuidador, esCliente) values (10204, 'Donal', 'Cleobury', 'Enion', 'Male', 'XENN7347606V5', '1997-06-29', 'Fulton', 165, 498, 'Alvaro Obregon', 'Chiapas', '2021-03-01', '2025-04-26', null, null, null, null, 3317.99, '7:50', 7, 'lince', false, false, true, true);
insert into persona (idPersona, nombre, paterno, materno, genero, rfc, nacimiento, calle, numInterior, numExterior, colonia, estado, fechaInicio, fechaFin, especialidad, salarioVet, frecuencia, costoServicio, salarioCuid, horario, diaTrabajo, animalACargo, esVeterinario, esProveedor, esCuidador, esCliente) values (10205, 'Albertine', 'Etches', 'Dikles', 'Female', 'SKIT822522XO7', '1998-09-16', 'Grim', 165, 233, 'Hidalgo', 'Chihuahua', '2021-05-09', '2025-10-28', null, null, null, null, 2872.23, '20:48', 6, 'jaguar', false, false, true, false);
insert into persona (idPersona, nombre, paterno, materno, genero, rfc, nacimiento, calle, numInterior, numExterior, colonia, estado, fechaInicio, fechaFin, especialidad, salarioVet, frecuencia, costoServicio, salarioCuid, horario, diaTrabajo, animalACargo, esVeterinario, esProveedor, esCuidador, esCliente) values (10206, 'Wilmette', 'Tremmil', 'Brasse', 'Female', 'YUBC9592773A6', '1986-12-23', 'Goodland', 2, 381, 'Vista Hermosa', 'Guanajuato', '2021-07-04', '2025-06-21', null, null, null, null, 2817.59, '5:44', 7, 'oso panda gigante', false, false, true, false);
insert into persona (idPersona, nombre, paterno, materno, genero, rfc, nacimiento, calle, numInterior, numExterior, colonia, estado, fechaInicio, fechaFin, especialidad, salarioVet, frecuencia, costoServicio, salarioCuid, horario, diaTrabajo, animalACargo, esVeterinario, esProveedor, esCuidador, esCliente) values (10207, 'Aggie', 'Greggs', 'Burden', 'Female', 'AKAZ814016TXQ', '1981-06-18', 'Debra', 21, 202, 'Las Palmas', 'Nuevo Leon', '2021-07-21', '2025-09-30', null, null, null, null, 3133.07, '1:19', 4, 'tigre', false, false, true, true);
insert into persona (idPersona, nombre, paterno, materno, genero, rfc, nacimiento, calle, numInterior, numExterior, colonia, estado, fechaInicio, fechaFin, especialidad, salarioVet, frecuencia, costoServicio, salarioCuid, horario, diaTrabajo, animalACargo, esVeterinario, esProveedor, esCuidador, esCliente) values (10208, 'Bethina', 'Bes', 'Surgood', 'Female', 'WDKA751567JHS', '1993-07-13', 'Hoffman', 111, 253, 'Loma Alta', 'Tamaulipas', '2021-07-08', '2025-08-09', null, null, null, null, 2575.83, '12:53', 6, 'oso pardo', false, false, true, false);
insert into persona (idPersona, nombre, paterno, materno, genero, rfc, nacimiento, calle, numInterior, numExterior, colonia, estado, fechaInicio, fechaFin, especialidad, salarioVet, frecuencia, costoServicio, salarioCuid, horario, diaTrabajo, animalACargo, esVeterinario, esProveedor, esCuidador, esCliente) values (10209, 'Barry', 'Hacard', 'Ruller', 'Male', 'XJOR8472999V9', '2000-05-06', 'Superior', 153, 282, 'San Isidro', 'Chiapas', '2021-07-30', '2025-06-30', null, null, null, null, 3241.96, '6:08', 4, 'mono arana', false, false, true, false);
insert into persona (idPersona, nombre, paterno, materno, genero, rfc, nacimiento, calle, numInterior, numExterior, colonia, estado, fechaInicio, fechaFin, especialidad, salarioVet, frecuencia, costoServicio, salarioCuid, horario, diaTrabajo, animalACargo, esVeterinario, esProveedor, esCuidador, esCliente) values (10210, 'Rodrick', 'Owlner', 'Nolleau', 'Male', 'DZWL349247XBV', '1981-07-03', 'Merry', 114, 236, 'Guadalupe', 'Campeche', '2021-05-17', '2024-12-07', null, null, null, null, 3411.46, '10:07', 5, 'jabali', false, false, true, true);
insert into persona (idPersona, nombre, paterno, materno, genero, rfc, nacimiento, calle, numInterior, numExterior, colonia, estado, fechaInicio, fechaFin, especialidad, salarioVet, frecuencia, costoServicio, salarioCuid, horario, diaTrabajo, animalACargo, esVeterinario, esProveedor, esCuidador, esCliente) values (10211, 'Rozalie', 'Knox', 'McNellis', 'Female', 'MFFL9412681O4', '1999-03-05', 'Arapahoe', 38, 426, 'San Francisco', 'Guanajuato', '2021-09-04', '2025-06-12', null, null, null, null, 2673.89, '15:49', 7, 'tapir', false, false, true, true);
insert into persona (idPersona, nombre, paterno, materno, genero, rfc, nacimiento, calle, numInterior, numExterior, colonia, estado, fechaInicio, fechaFin, especialidad, salarioVet, frecuencia, costoServicio, salarioCuid, horario, diaTrabajo, animalACargo, esVeterinario, esProveedor, esCuidador, esCliente) values (10212, 'Gilbertina', 'Glentworth', 'Lemmen', 'Female', 'YJKA706257IZL', '1988-12-14', 'Susan', 61, 238, 'Infonavit', 'San Luis Potosi', '2021-07-31', '2025-06-29', null, null, null, null, 3272.7, '21:51', 6, 'lobo marino', false, false, true, true);
insert into persona (idPersona, nombre, paterno, materno, genero, rfc, nacimiento, calle, numInterior, numExterior, colonia, estado, fechaInicio, fechaFin, especialidad, salarioVet, frecuencia, costoServicio, salarioCuid, horario, diaTrabajo, animalACargo, esVeterinario, esProveedor, esCuidador, esCliente) values (10213, 'Wini', 'Mundwell', 'Binning', 'Female', 'JIBN5578764G4', '1984-11-06', 'Dexter', 5, 261, 'La Libertad', 'Chiapas', '2021-06-05', '2025-05-05', null, null, null, null, 2993.56, '7:08', 5, 'venado cola blanca', false, false, true, true);
insert into persona (idPersona, nombre, paterno, materno, genero, rfc, nacimiento, calle, numInterior, numExterior, colonia, estado, fechaInicio, fechaFin, especialidad, salarioVet, frecuencia, costoServicio, salarioCuid, horario, diaTrabajo, animalACargo, esVeterinario, esProveedor, esCuidador, esCliente) values (10214, 'Gui', 'Faulkes', 'Lowerson', 'Female', 'TRGR407908HLR', '1995-03-07', 'Calypso', 88, 295, 'El Cerrito', 'Jalisco', '2021-06-22', '2025-05-01', null, null, null, null, 2807.93, '13:35', 6, 'lobo gris', false, false, true, false);
insert into persona (idPersona, nombre, paterno, materno, genero, rfc, nacimiento, calle, numInterior, numExterior, colonia, estado, fechaInicio, fechaFin, especialidad, salarioVet, frecuencia, costoServicio, salarioCuid, horario, diaTrabajo, animalACargo, esVeterinario, esProveedor, esCuidador, esCliente) values (10215, 'Corenda', 'Ciccottio', 'Treacy', 'Female', 'CPHY015866TBM', '1984-09-16', 'Toban', 178, 225, 'Santa Maria', 'Coahuila De Zaragoza', '2021-09-30', '2025-09-02', null, null, null, null, 2705.4, '9:15', 7, 'reno', false, false, true, true);
insert into persona (idPersona, nombre, paterno, materno, genero, rfc, nacimiento, calle, numInterior, numExterior, colonia, estado, fechaInicio, fechaFin, especialidad, salarioVet, frecuencia, costoServicio, salarioCuid, horario, diaTrabajo, animalACargo, esVeterinario, esProveedor, esCuidador, esCliente) values (10216, 'Haley', 'Babar', 'Stave', 'Male', 'LJMX9213132Z8', '1981-04-07', 'Ridge Oak', 24, 292, 'El Zapote', 'Guanajuato', '2021-10-29', '2025-03-18', null, null, null, null, 2753.63, '12:40', 4, 'oso polar', false, false, true, false);
insert into persona (idPersona, nombre, paterno, materno, genero, rfc, nacimiento, calle, numInterior, numExterior, colonia, estado, fechaInicio, fechaFin, especialidad, salarioVet, frecuencia, costoServicio, salarioCuid, horario, diaTrabajo, animalACargo, esVeterinario, esProveedor, esCuidador, esCliente) values (10217, 'Annabelle', 'Chelnam', 'Radborne', 'Female', 'ICSI004069DBU', '1987-06-20', 'Eastwood', 88, 265, 'Progreso', 'Chihuahua', '2020-12-01', '2025-07-05', null, null, null, null, 3405.2, '20:00', 6, 'zorro artico', false, false, true, false);
insert into persona (idPersona, nombre, paterno, materno, genero, rfc, nacimiento, calle, numInterior, numExterior, colonia, estado, fechaInicio, fechaFin, especialidad, salarioVet, frecuencia, costoServicio, salarioCuid, horario, diaTrabajo, animalACargo, esVeterinario, esProveedor, esCuidador, esCliente) values (10218, 'Ennis', 'Hedworth', 'Pighills', 'Male', 'SGIM913556IKS', '1996-11-12', 'Miller', 80, 463, 'Lazaro Cardenas', 'Guerrero', '2020-12-27', '2025-09-24', null, null, null, null, 3246.98, '17:17', 5, 'flamenco', false, false, true, true);
insert into persona (idPersona, nombre, paterno, materno, genero, rfc, nacimiento, calle, numInterior, numExterior, colonia, estado, fechaInicio, fechaFin, especialidad, salarioVet, frecuencia, costoServicio, salarioCuid, horario, diaTrabajo, animalACargo, esVeterinario, esProveedor, esCuidador, esCliente) values (10219, 'Barthel', 'Bierton', 'Hickisson', 'Male', 'NEDD871601OIR', '1989-04-29', 'Kipling', 96, 423, 'Emiliano Zapata', 'Coahuila De Zaragoza', '2020-12-27', '2025-07-17', null, null, null, null, 3222.02, '1:52', 4, 'tucan', false, false, true, false);
insert into persona (idPersona, nombre, paterno, materno, genero, rfc, nacimiento, calle, numInterior, numExterior, colonia, estado, fechaInicio, fechaFin, especialidad, salarioVet, frecuencia, costoServicio, salarioCuid, horario, diaTrabajo, animalACargo, esVeterinario, esProveedor, esCuidador, esCliente) values (10220, 'Georg', 'Challens', 'Kilby', 'Agender', 'FIHO175726L85', '1999-11-30', 'Declaration', 81, 260, 'El Mirador', 'Mexico', '2021-09-28', '2025-01-22', null, null, null, null, 3383.05, '15:14', 6, 'aguila real', false, false, true, true);
insert into persona (idPersona, nombre, paterno, materno, genero, rfc, nacimiento, calle, numInterior, numExterior, colonia, estado, fechaInicio, fechaFin, especialidad, salarioVet, frecuencia, costoServicio, salarioCuid, horario, diaTrabajo, animalACargo, esVeterinario, esProveedor, esCuidador, esCliente) values (10221, 'Ibrahim', 'Wilcocks', 'Quarles', 'Male', 'BBWR062172JOS', '1995-03-11', 'Kenwood', 96, 443, 'Bellavista', 'Guanajuato', '2021-07-31', '2025-07-10', null, null, null, null, 2550.81, '6:51', 6, 'pavo real', false, false, true, true);
insert into persona (idPersona, nombre, paterno, materno, genero, rfc, nacimiento, calle, numInterior, numExterior, colonia, estado, fechaInicio, fechaFin, especialidad, salarioVet, frecuencia, costoServicio, salarioCuid, horario, diaTrabajo, animalACargo, esVeterinario, esProveedor, esCuidador, esCliente) values (10222, 'Phillis', 'Handrek', 'Van''t Hoff', 'Female', 'NYJR194345L90', '1984-11-21', 'Dahle', 168, 500, 'Loma Bonita', 'Guerrero', '2021-07-08', '2025-07-24', null, null, null, null, 3416.36, '13:20', 4, 'avestruz', false, false, true, true);
insert into persona (idPersona, nombre, paterno, materno, genero, rfc, nacimiento, calle, numInterior, numExterior, colonia, estado, fechaInicio, fechaFin, especialidad, salarioVet, frecuencia, costoServicio, salarioCuid, horario, diaTrabajo, animalACargo, esVeterinario, esProveedor, esCuidador, esCliente) values (10223, 'Maison', 'Djurevic', 'Farrow', 'Male', 'ZEPU7481303DI', '1983-01-05', 'Warner', 140, 284, 'Cuauhtemoc', 'Chihuahua', '2021-11-17', '2025-05-21', null, null, null, null, 2746.06, '2:37', 6, 'camello', false, false, true, true);
insert into persona (idPersona, nombre, paterno, materno, genero, rfc, nacimiento, calle, numInterior, numExterior, colonia, estado, fechaInicio, fechaFin, especialidad, salarioVet, frecuencia, costoServicio, salarioCuid, horario, diaTrabajo, animalACargo, esVeterinario, esProveedor, esCuidador, esCliente) values (10224, 'Gloria', 'Yorke', 'Baribal', 'Female', 'HVUX774914C85', '1990-07-10', 'Hazelcrest', 92, 489, 'Emiliano Zapata', 'Guanajuato', '2021-03-17', '2025-10-17', null, null, null, null, 3302.52, '5:29', 5, 'serpiente', false, false, true, false);
insert into persona (idPersona, nombre, paterno, materno, genero, rfc, nacimiento, calle, numInterior, numExterior, colonia, estado, fechaInicio, fechaFin, especialidad, salarioVet, frecuencia, costoServicio, salarioCuid, horario, diaTrabajo, animalACargo, esVeterinario, esProveedor, esCuidador, esCliente) values (10225, 'Jenni', 'Springtorpe', 'MacAleese', 'Female', 'WBTL122704E9Z', '1990-02-13', 'Troy', 13, 278, 'Lindavista', 'Chiapas', '2021-10-21', '2025-10-29', null, null, null, null, 2621.3, '1:36', 6, 'elefante', false, false, true, false);
insert into persona (idPersona, nombre, paterno, materno, genero, rfc, nacimiento, calle, numInterior, numExterior, colonia, estado, fechaInicio, fechaFin, especialidad, salarioVet, frecuencia, costoServicio, salarioCuid, horario, diaTrabajo, animalACargo, esVeterinario, esProveedor, esCuidador, esCliente) values (10226, 'Gay', 'Cottem', 'Wolford', 'Male', 'LTME594262NTE', '1985-04-25', 'Gina', 199, 365, 'Hidalgo', 'Mexico', '2021-06-19', '2024-12-08', null, null, null, null, 2982.57, '1:15', 6, 'antilope', false, false, true, true);
insert into persona (idPersona, nombre, paterno, materno, genero, rfc, nacimiento, calle, numInterior, numExterior, colonia, estado, fechaInicio, fechaFin, especialidad, salarioVet, frecuencia, costoServicio, salarioCuid, horario, diaTrabajo, animalACargo, esVeterinario, esProveedor, esCuidador, esCliente) values (10227, 'Elysee', 'Lillicrap', 'Pellatt', 'Female', 'SUZD894397KV3', '1999-05-02', 'Briar Crest', 6, 269, 'El Aguacate', 'Guerrero', '2021-04-06', '2025-03-22', null, null, null, null, 2865.21, '17:14', 5, 'jirafa', false, false, true, false);

--Proveedor
insert into persona (idPersona, nombre, paterno, materno, genero, rfc, nacimiento, calle, numInterior, numExterior, colonia, estado, fechaInicio, fechaFin, especialidad, salarioVet, frecuencia, costoServicio, salarioCuid, horario, diaTrabajo, animalACargo, esVeterinario, esProveedor, esCuidador, esCliente) values (10400, 'Auguste', 'Crosson', 'Shale', 'Female', 'GYNL585234XOZ', '1993-02-05', 'Garrison', 77, 250, 'Lindavista', 'Guerrero', '2020-12-26', '2025-02-14', null, null, 'weekly', 1372.88, null, null, null, null, false, true, false, true);
insert into persona (idPersona, nombre, paterno, materno, genero, rfc, nacimiento, calle, numInterior, numExterior, colonia, estado, fechaInicio, fechaFin, especialidad, salarioVet, frecuencia, costoServicio, salarioCuid, horario, diaTrabajo, animalACargo, esVeterinario, esProveedor, esCuidador, esCliente) values (10401, 'Laraine', 'Tilbrook', 'Roach', 'Female', 'JPMI130682GEU', '1997-07-28', 'Coleman', 158, 480, 'San Antonio', 'Nuevo Leon', '2021-01-21', '2025-09-11', null, null, 'monthly', 1336.55, null, null, null, null, false, true, false, true);
insert into persona (idPersona, nombre, paterno, materno, genero, rfc, nacimiento, calle, numInterior, numExterior, colonia, estado, fechaInicio, fechaFin, especialidad, salarioVet, frecuencia, costoServicio, salarioCuid, horario, diaTrabajo, animalACargo, esVeterinario, esProveedor, esCuidador, esCliente) values (10402, 'Joelie', 'Heibl', 'Emeline', 'Female', 'MOFI800321PAA', '1986-12-21', 'Nelson', 74, 391, 'San Isidro', 'Coahuila De Zaragoza', '2021-04-24', '2025-08-09', null, null, 'weekly', 1814.55, null, null, null, null, false, true, false, false);
insert into persona (idPersona, nombre, paterno, materno, genero, rfc, nacimiento, calle, numInterior, numExterior, colonia, estado, fechaInicio, fechaFin, especialidad, salarioVet, frecuencia, costoServicio, salarioCuid, horario, diaTrabajo, animalACargo, esVeterinario, esProveedor, esCuidador, esCliente) values (10403, 'Ira', 'Smitherman', 'McGinny', 'Male', 'CBOF016359ZRS', '1992-05-27', 'Lake View', 140, 500, 'San Antonio', 'Mexico', '2021-01-11', '2025-08-25', null, null, 'daily', 1095.58, null, null, null, null, false, true, false, false);
insert into persona (idPersona, nombre, paterno, materno, genero, rfc, nacimiento, calle, numInterior, numExterior, colonia, estado, fechaInicio, fechaFin, especialidad, salarioVet, frecuencia, costoServicio, salarioCuid, horario, diaTrabajo, animalACargo, esVeterinario, esProveedor, esCuidador, esCliente) values (10404, 'Stavro', 'D''Aulby', 'Romer', 'Male', 'JXEI875692BZ5', '1981-12-20', 'Sauthoff', 8, 463, 'Isidro Fabela', 'Mexico', '2021-06-13', '2024-12-30', null, null, 'daily', 1497.32, null, null, null, null, false, true, false, false);
insert into persona (idPersona, nombre, paterno, materno, genero, rfc, nacimiento, calle, numInterior, numExterior, colonia, estado, fechaInicio, fechaFin, especialidad, salarioVet, frecuencia, costoServicio, salarioCuid, horario, diaTrabajo, animalACargo, esVeterinario, esProveedor, esCuidador, esCliente) values (10405, 'Irwin', 'Deporte', 'Everley', 'Male', 'RVMG723494RPI', '1986-05-09', 'Transport', 198, 383, 'San Jose', 'Guerrero', '2021-05-12', '2025-08-23', null, null, 'weekly', 1915.61, null, null, null, null, false, true, false, true);
insert into persona (idPersona, nombre, paterno, materno, genero, rfc, nacimiento, calle, numInterior, numExterior, colonia, estado, fechaInicio, fechaFin, especialidad, salarioVet, frecuencia, costoServicio, salarioCuid, horario, diaTrabajo, animalACargo, esVeterinario, esProveedor, esCuidador, esCliente) values (10406, 'Kenn', 'Healks', 'Rouzet', 'Male', 'SCKV979443LOC', '1995-07-27', 'Commercial', 181, 309, 'Lazaro Cardenas', 'Jalisco', '2021-10-10', '2025-05-13', null, null, 'yearly', 1990.83, null, null, null, null, false, true, false, true);
insert into persona (idPersona, nombre, paterno, materno, genero, rfc, nacimiento, calle, numInterior, numExterior, colonia, estado, fechaInicio, fechaFin, especialidad, salarioVet, frecuencia, costoServicio, salarioCuid, horario, diaTrabajo, animalACargo, esVeterinario, esProveedor, esCuidador, esCliente) values (10407, 'Melva', 'Sneezum', 'Busson', 'Female', 'YRFE478706UBC', '1994-12-09', 'Hanson', 2, 453, 'Buenos Aires', 'Jalisco', '2020-12-26', '2025-09-16', null, null, 'monthly', 1928.3, null, null, null, null, false, true, false, true);
insert into persona (idPersona, nombre, paterno, materno, genero, rfc, nacimiento, calle, numInterior, numExterior, colonia, estado, fechaInicio, fechaFin, especialidad, salarioVet, frecuencia, costoServicio, salarioCuid, horario, diaTrabajo, animalACargo, esVeterinario, esProveedor, esCuidador, esCliente) values (10408, 'Felicdad', 'Reace', 'Websdale', 'Female', 'QNXB781342Z2X', '1989-09-04', 'Service', 49, 355, 'Lindavista', 'Chiapas', '2021-06-04', '2025-06-14', null, null, 'monthly', 1864.12, null, null, null, null, false, true, false, true);
insert into persona (idPersona, nombre, paterno, materno, genero, rfc, nacimiento, calle, numInterior, numExterior, colonia, estado, fechaInicio, fechaFin, especialidad, salarioVet, frecuencia, costoServicio, salarioCuid, horario, diaTrabajo, animalACargo, esVeterinario, esProveedor, esCuidador, esCliente) values (10409, 'Modestia', 'Weildish', 'Loalday', 'Female', 'TXKC452932NU4', '1992-07-23', 'Meadow Ridge', 158, 224, 'San Francisco', 'Guerrero', '2021-10-16', '2025-03-04', null, null, 'monthly', 1801.34, null, null, null, null, false, true, false, false);
insert into persona (idPersona, nombre, paterno, materno, genero, rfc, nacimiento, calle, numInterior, numExterior, colonia, estado, fechaInicio, fechaFin, especialidad, salarioVet, frecuencia, costoServicio, salarioCuid, horario, diaTrabajo, animalACargo, esVeterinario, esProveedor, esCuidador, esCliente) values (10410, 'Waneta', 'Scotcher', 'Philippault', 'Female', 'TFOY148365UGD', '1993-02-25', 'Canary', 133, 320, 'Chapultepec', 'Coahuila De Zaragoza', '2021-10-08', '2025-04-05', null, null, 'monthly', 1899.67, null, null, null, null, false, true, false, true);
insert into persona (idPersona, nombre, paterno, materno, genero, rfc, nacimiento, calle, numInterior, numExterior, colonia, estado, fechaInicio, fechaFin, especialidad, salarioVet, frecuencia, costoServicio, salarioCuid, horario, diaTrabajo, animalACargo, esVeterinario, esProveedor, esCuidador, esCliente) values (10411, 'Fergus', 'Maplesden', 'Iskow', 'Male', 'FYWB313460LOB', '1999-01-18', 'Fallview', 155, 222, 'Emiliano Zapata', 'Baja California', '2021-01-19', '2025-02-23', null, null, 'yearly', 1114.48, null, null, null, null, false, true, false, true);
insert into persona (idPersona, nombre, paterno, materno, genero, rfc, nacimiento, calle, numInterior, numExterior, colonia, estado, fechaInicio, fechaFin, especialidad, salarioVet, frecuencia, costoServicio, salarioCuid, horario, diaTrabajo, animalACargo, esVeterinario, esProveedor, esCuidador, esCliente) values (10412, 'Fredrick', 'Lorkins', 'Burden', 'Male', 'MASO52863255H', '1993-06-25', 'Union', 168, 300, 'Cuauhtemoc', 'Chihuahua', '2021-03-22', '2025-03-05', null, null, 'weekly', 1690.14, null, null, null, null, false, true, false, true);
insert into persona (idPersona, nombre, paterno, materno, genero, rfc, nacimiento, calle, numInterior, numExterior, colonia, estado, fechaInicio, fechaFin, especialidad, salarioVet, frecuencia, costoServicio, salarioCuid, horario, diaTrabajo, animalACargo, esVeterinario, esProveedor, esCuidador, esCliente) values (10413, 'Brigitta', 'Lescop', 'Simonett', 'Female', 'TSCT166180D9Y', '1987-06-28', 'Monterey', 146, 457, 'Santa Cecilia', 'Jalisco', '2021-06-05', '2025-03-10', null, null, 'daily', 1979.26, null, null, null, null, false, true, false, true);
insert into persona (idPersona, nombre, paterno, materno, genero, rfc, nacimiento, calle, numInterior, numExterior, colonia, estado, fechaInicio, fechaFin, especialidad, salarioVet, frecuencia, costoServicio, salarioCuid, horario, diaTrabajo, animalACargo, esVeterinario, esProveedor, esCuidador, esCliente) values (10414, 'Cori', 'Niccolls', 'Phoenix', 'Male', 'XLMX8835917LI', '1988-09-25', 'Onsgard', 88, 236, 'Francisco Sarabia', 'Chiapas', '2021-01-09', '2025-05-16', null, null, 'yearly', 1883.21, null, null, null, null, false, true, false, false);
insert into persona (idPersona, nombre, paterno, materno, genero, rfc, nacimiento, calle, numInterior, numExterior, colonia, estado, fechaInicio, fechaFin, especialidad, salarioVet, frecuencia, costoServicio, salarioCuid, horario, diaTrabajo, animalACargo, esVeterinario, esProveedor, esCuidador, esCliente) values (10415, 'Zak', 'Tamplin', 'Shout', 'Male', 'SBMV038361X8I', '1989-02-24', 'Sachtjen', 3, 481, 'Vista Hermosa', 'Tamaulipas', '2021-04-15', '2025-11-03', null, null, 'yearly', 1582.62, null, null, null, null, false, true, false, true);
insert into persona (idPersona, nombre, paterno, materno, genero, rfc, nacimiento, calle, numInterior, numExterior, colonia, estado, fechaInicio, fechaFin, especialidad, salarioVet, frecuencia, costoServicio, salarioCuid, horario, diaTrabajo, animalACargo, esVeterinario, esProveedor, esCuidador, esCliente) values (10416, 'Tiffy', 'Howells', 'Bobasch', 'Female', 'FCQT567693VUF', '1997-02-26', 'Dexter', 123, 368, 'Las Animas', 'Guerrero', '2021-02-04', '2025-08-04', null, null, 'weekly', 1527.14, null, null, null, null, false, true, false, true);
insert into persona (idPersona, nombre, paterno, materno, genero, rfc, nacimiento, calle, numInterior, numExterior, colonia, estado, fechaInicio, fechaFin, especialidad, salarioVet, frecuencia, costoServicio, salarioCuid, horario, diaTrabajo, animalACargo, esVeterinario, esProveedor, esCuidador, esCliente) values (10417, 'Saxon', 'Ditchburn', 'Semper', 'Male', 'FHQG672468XWR', '1998-11-04', 'Birchwood', 121, 444, 'Altavista', 'Tamaulipas', '2021-03-29', '2025-09-17', null, null, 'monthly', 1323.12, null, null, null, null, false, true, false, true);
insert into persona (idPersona, nombre, paterno, materno, genero, rfc, nacimiento, calle, numInterior, numExterior, colonia, estado, fechaInicio, fechaFin, especialidad, salarioVet, frecuencia, costoServicio, salarioCuid, horario, diaTrabajo, animalACargo, esVeterinario, esProveedor, esCuidador, esCliente) values (10418, 'Graig', 'Pretswell', 'Nusche', 'Male', 'SSZE7399996H5', '1982-11-15', 'Larry', 131, 436, 'Tierra Blanca', 'Guerrero', '2021-07-12', '2024-12-10', null, null, 'yearly', 1045.26, null, null, null, null, false, true, false, true);
insert into persona (idPersona, nombre, paterno, materno, genero, rfc, nacimiento, calle, numInterior, numExterior, colonia, estado, fechaInicio, fechaFin, especialidad, salarioVet, frecuencia, costoServicio, salarioCuid, horario, diaTrabajo, animalACargo, esVeterinario, esProveedor, esCuidador, esCliente) values (10419, 'Garrott', 'Scade', 'Conklin', 'Male', 'YNSO5513602O0', '1993-01-31', 'Buell', 53, 201, 'El Refugio', 'Guanajuato', '2021-08-19', '2025-07-27', null, null, 'weekly', 1937.8, null, null, null, null, false, true, false, false);
insert into persona (idPersona, nombre, paterno, materno, genero, rfc, nacimiento, calle, numInterior, numExterior, colonia, estado, fechaInicio, fechaFin, especialidad, salarioVet, frecuencia, costoServicio, salarioCuid, horario, diaTrabajo, animalACargo, esVeterinario, esProveedor, esCuidador, esCliente) values (10420, 'Waring', 'Rodolfi', 'Bayldon', 'Male', 'QZVF274571AAW', '1982-08-02', 'Carberry', 107, 449, 'La Escondida', 'Nuevo Leon', '2021-06-26', '2025-04-27', null, null, 'daily', 1919.24, null, null, null, null, false, true, false, false);
insert into persona (idPersona, nombre, paterno, materno, genero, rfc, nacimiento, calle, numInterior, numExterior, colonia, estado, fechaInicio, fechaFin, especialidad, salarioVet, frecuencia, costoServicio, salarioCuid, horario, diaTrabajo, animalACargo, esVeterinario, esProveedor, esCuidador, esCliente) values (10421, 'Shannen', 'Boulger', 'Lynnitt', 'Female', 'AYQN068633XGZ', '1987-01-21', 'La Follette', 94, 258, 'Las Palmas', 'Guanajuato', '2021-02-05', '2025-06-15', null, null, 'monthly', 1239.08, null, null, null, null, false, true, false, true);
insert into persona (idPersona, nombre, paterno, materno, genero, rfc, nacimiento, calle, numInterior, numExterior, colonia, estado, fechaInicio, fechaFin, especialidad, salarioVet, frecuencia, costoServicio, salarioCuid, horario, diaTrabajo, animalACargo, esVeterinario, esProveedor, esCuidador, esCliente) values (10422, 'Casi', 'Antowski', 'Lidgerton', 'Female', 'ANEF592629QMB', '1984-11-08', 'Hanover', 42, 419, 'Hidalgo', 'Chiapas', '2021-10-21', '2025-05-29', null, null, 'yearly', 1765.73, null, null, null, null, false, true, false, true);
insert into persona (idPersona, nombre, paterno, materno, genero, rfc, nacimiento, calle, numInterior, numExterior, colonia, estado, fechaInicio, fechaFin, especialidad, salarioVet, frecuencia, costoServicio, salarioCuid, horario, diaTrabajo, animalACargo, esVeterinario, esProveedor, esCuidador, esCliente) values (10423, 'Dudley', 'Siviter', 'Maides', 'Male', 'SWSB960846MBC', '1983-02-20', 'Petterle', 113, 294, 'Emiliano Zapata', 'Mexico', '2021-02-20', '2025-04-03', null, null, 'monthly', 1546.11, null, null, null, null, false, true, false, true);
insert into persona (idPersona, nombre, paterno, materno, genero, rfc, nacimiento, calle, numInterior, numExterior, colonia, estado, fechaInicio, fechaFin, especialidad, salarioVet, frecuencia, costoServicio, salarioCuid, horario, diaTrabajo, animalACargo, esVeterinario, esProveedor, esCuidador, esCliente) values (10424, 'Ignacio', 'Boldison', 'Kubek', 'Male', 'CRFB00928298S', '1991-01-17', 'Di Loreto', 191, 358, 'San Jose', 'Chihuahua', '2021-06-11', '2025-01-01', null, null, 'yearly', 1088.53, null, null, null, null, false, true, false, true);
insert into persona (idPersona, nombre, paterno, materno, genero, rfc, nacimiento, calle, numInterior, numExterior, colonia, estado, fechaInicio, fechaFin, especialidad, salarioVet, frecuencia, costoServicio, salarioCuid, horario, diaTrabajo, animalACargo, esVeterinario, esProveedor, esCuidador, esCliente) values (10425, 'Ailina', 'Fullbrook', 'McMeekan', 'Female', 'YKQN813720NMG', '1991-07-24', 'Helena', 109, 236, 'Francisco I Madero', 'Tamaulipas', '2021-06-03', '2025-09-12', null, null, 'weekly', 1293.92, null, null, null, null, false, true, false, true);
insert into persona (idPersona, nombre, paterno, materno, genero, rfc, nacimiento, calle, numInterior, numExterior, colonia, estado, fechaInicio, fechaFin, especialidad, salarioVet, frecuencia, costoServicio, salarioCuid, horario, diaTrabajo, animalACargo, esVeterinario, esProveedor, esCuidador, esCliente) values (10426, 'Jolene', 'Goves', 'Ligerton', 'Female', 'NDUI806635S2Q', '1986-05-26', 'Myrtle', 66, 237, 'Guadalupe Victoria', 'Chiapas', '2021-08-18', '2024-12-15', null, null, 'weekly', 1174.32, null, null, null, null, false, true, false, false);
insert into persona (idPersona, nombre, paterno, materno, genero, rfc, nacimiento, calle, numInterior, numExterior, colonia, estado, fechaInicio, fechaFin, especialidad, salarioVet, frecuencia, costoServicio, salarioCuid, horario, diaTrabajo, animalACargo, esVeterinario, esProveedor, esCuidador, esCliente) values (10427, 'Aila', 'Gibbe', 'Henkmann', 'Female', 'KLNX058923EI6', '1997-10-19', 'Main', 197, 327, 'Niños Heroes', 'Tamaulipas', '2021-11-03', '2024-12-21', null, null, 'daily', 1019.38, null, null, null, null, false, true, false, false);
insert into persona (idPersona, nombre, paterno, materno, genero, rfc, nacimiento, calle, numInterior, numExterior, colonia, estado, fechaInicio, fechaFin, especialidad, salarioVet, frecuencia, costoServicio, salarioCuid, horario, diaTrabajo, animalACargo, esVeterinario, esProveedor, esCuidador, esCliente) values (10428, 'Ulick', 'MacRirie', 'Batchley', 'Genderfluid', 'WAFB9986186H7', '1987-03-03', 'Russell', 195, 330, 'San Isidro', 'Guerrero', '2021-04-06', '2025-05-10', null, null, 'weekly', 1245.59, null, null, null, null, false, true, false, false);
insert into persona (idPersona, nombre, paterno, materno, genero, rfc, nacimiento, calle, numInterior, numExterior, colonia, estado, fechaInicio, fechaFin, especialidad, salarioVet, frecuencia, costoServicio, salarioCuid, horario, diaTrabajo, animalACargo, esVeterinario, esProveedor, esCuidador, esCliente) values (10429, 'Rriocard', 'Nalder', 'Buckenhill', 'Male', 'VYKV821359P33', '1984-05-27', 'Briar Crest', 114, 405, 'Vista Hermosa', 'Guerrero', '2021-05-19', '2025-02-09', null, null, 'monthly', 1568.98, null, null, null, null, false, true, false, false);
insert into persona (idPersona, nombre, paterno, materno, genero, rfc, nacimiento, calle, numInterior, numExterior, colonia, estado, fechaInicio, fechaFin, especialidad, salarioVet, frecuencia, costoServicio, salarioCuid, horario, diaTrabajo, animalACargo, esVeterinario, esProveedor, esCuidador, esCliente) values (10430, 'Sigfrid', 'Bennie', 'Olczak', 'Male', 'CFXS6847232SP', '1993-02-08', 'Walton', 32, 330, 'Francisco Sarabia', 'Chiapas', '2021-02-07', '2025-08-05', null, null, 'monthly', 1459.15, null, null, null, null, false, true, false, true);
insert into persona (idPersona, nombre, paterno, materno, genero, rfc, nacimiento, calle, numInterior, numExterior, colonia, estado, fechaInicio, fechaFin, especialidad, salarioVet, frecuencia, costoServicio, salarioCuid, horario, diaTrabajo, animalACargo, esVeterinario, esProveedor, esCuidador, esCliente) values (10431, 'Giselle', 'Wicher', 'Wayt', 'Agender', 'RVUI544990MTE', '1987-12-23', 'Jana', 73, 360, 'El Carmen', 'Chiapas', '2021-08-21', '2025-10-18', null, null, 'monthly', 1604.28, null, null, null, null, false, true, false, false);
insert into persona (idPersona, nombre, paterno, materno, genero, rfc, nacimiento, calle, numInterior, numExterior, colonia, estado, fechaInicio, fechaFin, especialidad, salarioVet, frecuencia, costoServicio, salarioCuid, horario, diaTrabajo, animalACargo, esVeterinario, esProveedor, esCuidador, esCliente) values (10432, 'Lorelei', 'Hassard', 'Gulleford', 'Female', 'LAYK5279963R5', '2000-03-21', 'Forster', 18, 212, 'Roma', 'Coahuila De Zaragoza', '2021-10-16', '2025-08-18', null, null, 'daily', 1806.6, null, null, null, null, false, true, false, false);
insert into persona (idPersona, nombre, paterno, materno, genero, rfc, nacimiento, calle, numInterior, numExterior, colonia, estado, fechaInicio, fechaFin, especialidad, salarioVet, frecuencia, costoServicio, salarioCuid, horario, diaTrabajo, animalACargo, esVeterinario, esProveedor, esCuidador, esCliente) values (10433, 'Horacio', 'Chaffey', 'McGriele', 'Male', 'EGDJ603332BQH', '1991-08-19', 'Barnett', 95, 332, 'Las Flores', 'Coahuila De Zaragoza', '2021-02-01', '2025-11-16', null, null, 'daily', 1868.43, null, null, null, null, false, true, false, true);
insert into persona (idPersona, nombre, paterno, materno, genero, rfc, nacimiento, calle, numInterior, numExterior, colonia, estado, fechaInicio, fechaFin, especialidad, salarioVet, frecuencia, costoServicio, salarioCuid, horario, diaTrabajo, animalACargo, esVeterinario, esProveedor, esCuidador, esCliente) values (10434, 'Oriana', 'Donald', 'Tomanek', 'Female', 'SBXP189294GPL', '1998-06-16', 'Stoughton', 35, 298, 'Lindavista', 'Guerrero', '2020-12-16', '2025-03-11', null, null, 'monthly', 1283.53, null, null, null, null, false, true, false, false);
insert into persona (idPersona, nombre, paterno, materno, genero, rfc, nacimiento, calle, numInterior, numExterior, colonia, estado, fechaInicio, fechaFin, especialidad, salarioVet, frecuencia, costoServicio, salarioCuid, horario, diaTrabajo, animalACargo, esVeterinario, esProveedor, esCuidador, esCliente) values (10435, 'Arthur', 'Silverton', 'Hierro', 'Male', 'BOGD711556649', '1990-10-27', 'Blue Bill Park', 124, 292, 'San Miguel', 'Chiapas', '2021-03-11', '2025-06-15', null, null, 'yearly', 1071.21, null, null, null, null, false, true, false, false);
insert into persona (idPersona, nombre, paterno, materno, genero, rfc, nacimiento, calle, numInterior, numExterior, colonia, estado, fechaInicio, fechaFin, especialidad, salarioVet, frecuencia, costoServicio, salarioCuid, horario, diaTrabajo, animalACargo, esVeterinario, esProveedor, esCuidador, esCliente) values (10436, 'Norton', 'Test', 'Baselio', 'Genderqueer', 'XRZY744404OEB', '1983-08-30', 'Duke', 21, 296, 'San Isidro', 'Nuevo Leon', '2021-09-12', '2024-12-24', null, null, 'yearly', 1225.22, null, null, null, null, false, true, false, false);
insert into persona (idPersona, nombre, paterno, materno, genero, rfc, nacimiento, calle, numInterior, numExterior, colonia, estado, fechaInicio, fechaFin, especialidad, salarioVet, frecuencia, costoServicio, salarioCuid, horario, diaTrabajo, animalACargo, esVeterinario, esProveedor, esCuidador, esCliente) values (10437, 'Matti', 'McConaghy', 'Oglethorpe', 'Female', 'YWPB089302OL6', '1998-08-31', 'Upham', 3, 348, 'El Zapote', 'Guanajuato', '2021-03-30', '2025-06-09', null, null, 'monthly', 1368.09, null, null, null, null, false, true, false, true);
insert into persona (idPersona, nombre, paterno, materno, genero, rfc, nacimiento, calle, numInterior, numExterior, colonia, estado, fechaInicio, fechaFin, especialidad, salarioVet, frecuencia, costoServicio, salarioCuid, horario, diaTrabajo, animalACargo, esVeterinario, esProveedor, esCuidador, esCliente) values (10438, 'Boyd', 'Cowell', 'Bloore', 'Male', 'XUEX6517871FY', '1987-08-31', 'Forest Run', 38, 445, 'Alameda', 'Jalisco', '2021-01-27', '2025-03-20', null, null, 'monthly', 1986.99, null, null, null, null, false, true, false, true);
insert into persona (idPersona, nombre, paterno, materno, genero, rfc, nacimiento, calle, numInterior, numExterior, colonia, estado, fechaInicio, fechaFin, especialidad, salarioVet, frecuencia, costoServicio, salarioCuid, horario, diaTrabajo, animalACargo, esVeterinario, esProveedor, esCuidador, esCliente) values (10439, 'Othelia', 'Chatteris', 'Chattaway', 'Female', 'HXJT7427244HS', '1981-07-28', 'Loftsgordon', 118, 453, 'Francisco Sarabia', 'Chiapas', '2021-07-22', '2025-10-19', null, null, 'daily', 1578.66, null, null, null, null, false, true, false, false);
insert into persona (idPersona, nombre, paterno, materno, genero, rfc, nacimiento, calle, numInterior, numExterior, colonia, estado, fechaInicio, fechaFin, especialidad, salarioVet, frecuencia, costoServicio, salarioCuid, horario, diaTrabajo, animalACargo, esVeterinario, esProveedor, esCuidador, esCliente) values (10440, 'Aveline', 'Cromwell', 'Nelles', 'Female', 'STFC956282Y8I', '1987-01-19', 'Crescent Oaks', 91, 458, 'San Juan', 'Chiapas', '2021-06-28', '2025-06-25', null, null, 'monthly', 1989.29, null, null, null, null, false, true, false, false);
insert into persona (idPersona, nombre, paterno, materno, genero, rfc, nacimiento, calle, numInterior, numExterior, colonia, estado, fechaInicio, fechaFin, especialidad, salarioVet, frecuencia, costoServicio, salarioCuid, horario, diaTrabajo, animalACargo, esVeterinario, esProveedor, esCuidador, esCliente) values (10441, 'Colet', 'Click', 'Littell', 'Male', 'CIQV4500227S5', '1996-03-31', 'Menomonie', 134, 240, 'Emiliano Zapata', 'Mexico', '2020-12-05', '2025-08-13', null, null, 'daily', 1084.56, null, null, null, null, false, true, false, false);

--Cliente
insert into persona (idPersona, nombre, paterno, materno, genero, rfc, nacimiento, calle, numInterior, numExterior, colonia, estado, fechaInicio, fechaFin, especialidad, salarioVet, frecuencia, costoServicio, salarioCuid, horario, diaTrabajo, animalACargo, esVeterinario, esProveedor, esCuidador, esCliente) values (10600, 'Diannne', 'Geill', 'Aizikowitz', 'Female', null, null, null, null, null, null, null, null, null, null, null, null, null, null, null, null, null, false, false, false, true);
insert into persona (idPersona, nombre, paterno, materno, genero, rfc, nacimiento, calle, numInterior, numExterior, colonia, estado, fechaInicio, fechaFin, especialidad, salarioVet, frecuencia, costoServicio, salarioCuid, horario, diaTrabajo, animalACargo, esVeterinario, esProveedor, esCuidador, esCliente) values (10601, 'Gerty', 'Smither', 'Saunder', 'Female', null, null, null, null, null, null, null, null, null, null, null, null, null, null, null, null, null, false, false, false, true);
insert into persona (idPersona, nombre, paterno, materno, genero, rfc, nacimiento, calle, numInterior, numExterior, colonia, estado, fechaInicio, fechaFin, especialidad, salarioVet, frecuencia, costoServicio, salarioCuid, horario, diaTrabajo, animalACargo, esVeterinario, esProveedor, esCuidador, esCliente) values (10602, 'Oswald', 'Aitkin', 'Bickell', 'Male', null, null, null, null, null, null, null, null, null, null, null, null, null, null, null, null, null, false, false, false, true);
insert into persona (idPersona, nombre, paterno, materno, genero, rfc, nacimiento, calle, numInterior, numExterior, colonia, estado, fechaInicio, fechaFin, especialidad, salarioVet, frecuencia, costoServicio, salarioCuid, horario, diaTrabajo, animalACargo, esVeterinario, esProveedor, esCuidador, esCliente) values (10603, 'Derek', 'Grishelyov', 'Agge', 'Male', null, null, null, null, null, null, null, null, null, null, null, null, null, null, null, null, null, false, false, false, true);
insert into persona (idPersona, nombre, paterno, materno, genero, rfc, nacimiento, calle, numInterior, numExterior, colonia, estado, fechaInicio, fechaFin, especialidad, salarioVet, frecuencia, costoServicio, salarioCuid, horario, diaTrabajo, animalACargo, esVeterinario, esProveedor, esCuidador, esCliente) values (10604, 'Saw', 'Sukbhans', 'Guyan', 'Male', null, null, null, null, null, null, null, null, null, null, null, null, null, null, null, null, null, false, false, false, true);
insert into persona (idPersona, nombre, paterno, materno, genero, rfc, nacimiento, calle, numInterior, numExterior, colonia, estado, fechaInicio, fechaFin, especialidad, salarioVet, frecuencia, costoServicio, salarioCuid, horario, diaTrabajo, animalACargo, esVeterinario, esProveedor, esCuidador, esCliente) values (10605, 'Moore', 'Puckrin', 'Camelli', 'Genderfluid', null, null, null, null, null, null, null, null, null, null, null, null, null, null, null, null, null, false, false, false, true);
insert into persona (idPersona, nombre, paterno, materno, genero, rfc, nacimiento, calle, numInterior, numExterior, colonia, estado, fechaInicio, fechaFin, especialidad, salarioVet, frecuencia, costoServicio, salarioCuid, horario, diaTrabajo, animalACargo, esVeterinario, esProveedor, esCuidador, esCliente) values (10606, 'Elsi', 'Dumphrey', 'Scrimgeour', 'Female', null, null, null, null, null, null, null, null, null, null, null, null, null, null, null, null, null, false, false, false, true);
insert into persona (idPersona, nombre, paterno, materno, genero, rfc, nacimiento, calle, numInterior, numExterior, colonia, estado, fechaInicio, fechaFin, especialidad, salarioVet, frecuencia, costoServicio, salarioCuid, horario, diaTrabajo, animalACargo, esVeterinario, esProveedor, esCuidador, esCliente) values (10607, 'Kain', 'Bartholomaus', 'Shorton', 'Male', null, null, null, null, null, null, null, null, null, null, null, null, null, null, null, null, null, false, false, false, true);
insert into persona (idPersona, nombre, paterno, materno, genero, rfc, nacimiento, calle, numInterior, numExterior, colonia, estado, fechaInicio, fechaFin, especialidad, salarioVet, frecuencia, costoServicio, salarioCuid, horario, diaTrabajo, animalACargo, esVeterinario, esProveedor, esCuidador, esCliente) values (10608, 'Rachelle', 'Mayne', 'Tichelaar', 'Female', null, null, null, null, null, null, null, null, null, null, null, null, null, null, null, null, null, false, false, false, true);
insert into persona (idPersona, nombre, paterno, materno, genero, rfc, nacimiento, calle, numInterior, numExterior, colonia, estado, fechaInicio, fechaFin, especialidad, salarioVet, frecuencia, costoServicio, salarioCuid, horario, diaTrabajo, animalACargo, esVeterinario, esProveedor, esCuidador, esCliente) values (10609, 'Neila', 'Lowne', 'Toward', 'Agender', null, null, null, null, null, null, null, null, null, null, null, null, null, null, null, null, null, false, false, false, true);
insert into persona (idPersona, nombre, paterno, materno, genero, rfc, nacimiento, calle, numInterior, numExterior, colonia, estado, fechaInicio, fechaFin, especialidad, salarioVet, frecuencia, costoServicio, salarioCuid, horario, diaTrabajo, animalACargo, esVeterinario, esProveedor, esCuidador, esCliente) values (10610, 'Kirsten', 'Ealles', 'Gowen', 'Genderqueer', null, null, null, null, null, null, null, null, null, null, null, null, null, null, null, null, null, false, false, false, true);
insert into persona (idPersona, nombre, paterno, materno, genero, rfc, nacimiento, calle, numInterior, numExterior, colonia, estado, fechaInicio, fechaFin, especialidad, salarioVet, frecuencia, costoServicio, salarioCuid, horario, diaTrabajo, animalACargo, esVeterinario, esProveedor, esCuidador, esCliente) values (10611, 'Spense', 'Aronow', 'Fautley', 'Male', null, null, null, null, null, null, null, null, null, null, null, null, null, null, null, null, null, false, false, false, true);
insert into persona (idPersona, nombre, paterno, materno, genero, rfc, nacimiento, calle, numInterior, numExterior, colonia, estado, fechaInicio, fechaFin, especialidad, salarioVet, frecuencia, costoServicio, salarioCuid, horario, diaTrabajo, animalACargo, esVeterinario, esProveedor, esCuidador, esCliente) values (10612, 'Vladamir', 'Izakoff', 'Pauler', 'Male', null, null, null, null, null, null, null, null, null, null, null, null, null, null, null, null, null, false, false, false, true);
insert into persona (idPersona, nombre, paterno, materno, genero, rfc, nacimiento, calle, numInterior, numExterior, colonia, estado, fechaInicio, fechaFin, especialidad, salarioVet, frecuencia, costoServicio, salarioCuid, horario, diaTrabajo, animalACargo, esVeterinario, esProveedor, esCuidador, esCliente) values (10613, 'Alexandr', 'Paolino', 'Cooley', 'Male', null, null, null, null, null, null, null, null, null, null, null, null, null, null, null, null, null, false, false, false, true);
insert into persona (idPersona, nombre, paterno, materno, genero, rfc, nacimiento, calle, numInterior, numExterior, colonia, estado, fechaInicio, fechaFin, especialidad, salarioVet, frecuencia, costoServicio, salarioCuid, horario, diaTrabajo, animalACargo, esVeterinario, esProveedor, esCuidador, esCliente) values (10614, 'Dannie', 'Clowes', 'Jennrich', 'Male', null, null, null, null, null, null, null, null, null, null, null, null, null, null, null, null, null, false, false, false, true);
insert into persona (idPersona, nombre, paterno, materno, genero, rfc, nacimiento, calle, numInterior, numExterior, colonia, estado, fechaInicio, fechaFin, especialidad, salarioVet, frecuencia, costoServicio, salarioCuid, horario, diaTrabajo, animalACargo, esVeterinario, esProveedor, esCuidador, esCliente) values (10615, 'Loleta', 'Yakuntsov', 'Flux', 'Female', null, null, null, null, null, null, null, null, null, null, null, null, null, null, null, null, null, false, false, false, true);
insert into persona (idPersona, nombre, paterno, materno, genero, rfc, nacimiento, calle, numInterior, numExterior, colonia, estado, fechaInicio, fechaFin, especialidad, salarioVet, frecuencia, costoServicio, salarioCuid, horario, diaTrabajo, animalACargo, esVeterinario, esProveedor, esCuidador, esCliente) values (10616, 'Eva', 'Tainton', 'Chainey', 'Female', null, null, null, null, null, null, null, null, null, null, null, null, null, null, null, null, null, false, false, false, true);
insert into persona (idPersona, nombre, paterno, materno, genero, rfc, nacimiento, calle, numInterior, numExterior, colonia, estado, fechaInicio, fechaFin, especialidad, salarioVet, frecuencia, costoServicio, salarioCuid, horario, diaTrabajo, animalACargo, esVeterinario, esProveedor, esCuidador, esCliente) values (10617, 'Whitman', 'Steers', 'Kiera', 'Male', null, null, null, null, null, null, null, null, null, null, null, null, null, null, null, null, null, false, false, false, true);
insert into persona (idPersona, nombre, paterno, materno, genero, rfc, nacimiento, calle, numInterior, numExterior, colonia, estado, fechaInicio, fechaFin, especialidad, salarioVet, frecuencia, costoServicio, salarioCuid, horario, diaTrabajo, animalACargo, esVeterinario, esProveedor, esCuidador, esCliente) values (10618, 'Boyce', 'Wawer', 'Skelington', 'Non-binary', null, null, null, null, null, null, null, null, null, null, null, null, null, null, null, null, null, false, false, false, true);
insert into persona (idPersona, nombre, paterno, materno, genero, rfc, nacimiento, calle, numInterior, numExterior, colonia, estado, fechaInicio, fechaFin, especialidad, salarioVet, frecuencia, costoServicio, salarioCuid, horario, diaTrabajo, animalACargo, esVeterinario, esProveedor, esCuidador, esCliente) values (10619, 'Krisha', 'Cordell', 'Kimmel', 'Male', null, null, null, null, null, null, null, null, null, null, null, null, null, null, null, null, null, false, false, false, true);
insert into persona (idPersona, nombre, paterno, materno, genero, rfc, nacimiento, calle, numInterior, numExterior, colonia, estado, fechaInicio, fechaFin, especialidad, salarioVet, frecuencia, costoServicio, salarioCuid, horario, diaTrabajo, animalACargo, esVeterinario, esProveedor, esCuidador, esCliente) values (10620, 'Marthe', 'Colleran', 'Dulwich', 'Female', null, null, null, null, null, null, null, null, null, null, null, null, null, null, null, null, null, false, false, false, true);
insert into persona (idPersona, nombre, paterno, materno, genero, rfc, nacimiento, calle, numInterior, numExterior, colonia, estado, fechaInicio, fechaFin, especialidad, salarioVet, frecuencia, costoServicio, salarioCuid, horario, diaTrabajo, animalACargo, esVeterinario, esProveedor, esCuidador, esCliente) values (10621, 'Anneliese', 'Esgate', 'Tamplin', 'Female', null, null, null, null, null, null, null, null, null, null, null, null, null, null, null, null, null, false, false, false, true);
insert into persona (idPersona, nombre, paterno, materno, genero, rfc, nacimiento, calle, numInterior, numExterior, colonia, estado, fechaInicio, fechaFin, especialidad, salarioVet, frecuencia, costoServicio, salarioCuid, horario, diaTrabajo, animalACargo, esVeterinario, esProveedor, esCuidador, esCliente) values (10622, 'Jane', 'Vasentsov', 'Wasselin', 'Female', null, null, null, null, null, null, null, null, null, null, null, null, null, null, null, null, null, false, false, false, true);
insert into persona (idPersona, nombre, paterno, materno, genero, rfc, nacimiento, calle, numInterior, numExterior, colonia, estado, fechaInicio, fechaFin, especialidad, salarioVet, frecuencia, costoServicio, salarioCuid, horario, diaTrabajo, animalACargo, esVeterinario, esProveedor, esCuidador, esCliente) values (10623, 'Agosto', 'Piperley', 'Rohmer', 'Male', null, null, null, null, null, null, null, null, null, null, null, null, null, null, null, null, null, false, false, false, true);
insert into persona (idPersona, nombre, paterno, materno, genero, rfc, nacimiento, calle, numInterior, numExterior, colonia, estado, fechaInicio, fechaFin, especialidad, salarioVet, frecuencia, costoServicio, salarioCuid, horario, diaTrabajo, animalACargo, esVeterinario, esProveedor, esCuidador, esCliente) values (10624, 'Abran', 'Cashford', 'Nice', 'Male', null, null, null, null, null, null, null, null, null, null, null, null, null, null, null, null, null, false, false, false, true);
insert into persona (idPersona, nombre, paterno, materno, genero, rfc, nacimiento, calle, numInterior, numExterior, colonia, estado, fechaInicio, fechaFin, especialidad, salarioVet, frecuencia, costoServicio, salarioCuid, horario, diaTrabajo, animalACargo, esVeterinario, esProveedor, esCuidador, esCliente) values (10625, 'Hewie', 'Cody', 'Rapper', 'Male', null, null, null, null, null, null, null, null, null, null, null, null, null, null, null, null, null, false, false, false, true);
insert into persona (idPersona, nombre, paterno, materno, genero, rfc, nacimiento, calle, numInterior, numExterior, colonia, estado, fechaInicio, fechaFin, especialidad, salarioVet, frecuencia, costoServicio, salarioCuid, horario, diaTrabajo, animalACargo, esVeterinario, esProveedor, esCuidador, esCliente) values (10626, 'Bonny', 'Whittick', 'Broadey', 'Female', null, null, null, null, null, null, null, null, null, null, null, null, null, null, null, null, null, false, false, false, true);
insert into persona (idPersona, nombre, paterno, materno, genero, rfc, nacimiento, calle, numInterior, numExterior, colonia, estado, fechaInicio, fechaFin, especialidad, salarioVet, frecuencia, costoServicio, salarioCuid, horario, diaTrabajo, animalACargo, esVeterinario, esProveedor, esCuidador, esCliente) values (10627, 'Hilliard', 'Marrow', 'Cromleholme', 'Male', null, null, null, null, null, null, null, null, null, null, null, null, null, null, null, null, null, false, false, false, true);
insert into persona (idPersona, nombre, paterno, materno, genero, rfc, nacimiento, calle, numInterior, numExterior, colonia, estado, fechaInicio, fechaFin, especialidad, salarioVet, frecuencia, costoServicio, salarioCuid, horario, diaTrabajo, animalACargo, esVeterinario, esProveedor, esCuidador, esCliente) values (10628, 'Shelley', 'Ogglebie', 'Benyan', 'Male', null, null, null, null, null, null, null, null, null, null, null, null, null, null, null, null, null, false, false, false, true);
insert into persona (idPersona, nombre, paterno, materno, genero, rfc, nacimiento, calle, numInterior, numExterior, colonia, estado, fechaInicio, fechaFin, especialidad, salarioVet, frecuencia, costoServicio, salarioCuid, horario, diaTrabajo, animalACargo, esVeterinario, esProveedor, esCuidador, esCliente) values (10629, 'Hoebart', 'Tompkins', 'Hentzer', 'Male', null, null, null, null, null, null, null, null, null, null, null, null, null, null, null, null, null, false, false, false, true);
insert into persona (idPersona, nombre, paterno, materno, genero, rfc, nacimiento, calle, numInterior, numExterior, colonia, estado, fechaInicio, fechaFin, especialidad, salarioVet, frecuencia, costoServicio, salarioCuid, horario, diaTrabajo, animalACargo, esVeterinario, esProveedor, esCuidador, esCliente) values (10630, 'Lebbie', 'Ralphs', 'McIlveen', 'Female', null, null, null, null, null, null, null, null, null, null, null, null, null, null, null, null, null, false, false, false, true);
insert into persona (idPersona, nombre, paterno, materno, genero, rfc, nacimiento, calle, numInterior, numExterior, colonia, estado, fechaInicio, fechaFin, especialidad, salarioVet, frecuencia, costoServicio, salarioCuid, horario, diaTrabajo, animalACargo, esVeterinario, esProveedor, esCuidador, esCliente) values (10631, 'Rheba', 'Mintrim', 'Lorenzini', 'Female', null, null, null, null, null, null, null, null, null, null, null, null, null, null, null, null, null, false, false, false, true);
insert into persona (idPersona, nombre, paterno, materno, genero, rfc, nacimiento, calle, numInterior, numExterior, colonia, estado, fechaInicio, fechaFin, especialidad, salarioVet, frecuencia, costoServicio, salarioCuid, horario, diaTrabajo, animalACargo, esVeterinario, esProveedor, esCuidador, esCliente) values (10632, 'Priscella', 'De Bellis', 'Huke', 'Female', null, null, null, null, null, null, null, null, null, null, null, null, null, null, null, null, null, false, false, false, true);
insert into persona (idPersona, nombre, paterno, materno, genero, rfc, nacimiento, calle, numInterior, numExterior, colonia, estado, fechaInicio, fechaFin, especialidad, salarioVet, frecuencia, costoServicio, salarioCuid, horario, diaTrabajo, animalACargo, esVeterinario, esProveedor, esCuidador, esCliente) values (10633, 'Corrie', 'Olensby', 'Trever', 'Female', null, null, null, null, null, null, null, null, null, null, null, null, null, null, null, null, null, false, false, false, true);
insert into persona (idPersona, nombre, paterno, materno, genero, rfc, nacimiento, calle, numInterior, numExterior, colonia, estado, fechaInicio, fechaFin, especialidad, salarioVet, frecuencia, costoServicio, salarioCuid, horario, diaTrabajo, animalACargo, esVeterinario, esProveedor, esCuidador, esCliente) values (10634, 'Rochester', 'Scarre', 'Enriquez', 'Male', null, null, null, null, null, null, null, null, null, null, null, null, null, null, null, null, null, false, false, false, true);
insert into persona (idPersona, nombre, paterno, materno, genero, rfc, nacimiento, calle, numInterior, numExterior, colonia, estado, fechaInicio, fechaFin, especialidad, salarioVet, frecuencia, costoServicio, salarioCuid, horario, diaTrabajo, animalACargo, esVeterinario, esProveedor, esCuidador, esCliente) values (10635, 'Sheelah', 'Le-Good', 'Martinek', 'Female', null, null, null, null, null, null, null, null, null, null, null, null, null, null, null, null, null, false, false, false, true);
insert into persona (idPersona, nombre, paterno, materno, genero, rfc, nacimiento, calle, numInterior, numExterior, colonia, estado, fechaInicio, fechaFin, especialidad, salarioVet, frecuencia, costoServicio, salarioCuid, horario, diaTrabajo, animalACargo, esVeterinario, esProveedor, esCuidador, esCliente) values (10636, 'Martha', 'Bowdery', 'Gaskarth', 'Female', null, null, null, null, null, null, null, null, null, null, null, null, null, null, null, null, null, false, false, false, true);
insert into persona (idPersona, nombre, paterno, materno, genero, rfc, nacimiento, calle, numInterior, numExterior, colonia, estado, fechaInicio, fechaFin, especialidad, salarioVet, frecuencia, costoServicio, salarioCuid, horario, diaTrabajo, animalACargo, esVeterinario, esProveedor, esCuidador, esCliente) values (10637, 'Gradey', 'Akker', 'Wensley', 'Male', null, null, null, null, null, null, null, null, null, null, null, null, null, null, null, null, null, false, false, false, true);
insert into persona (idPersona, nombre, paterno, materno, genero, rfc, nacimiento, calle, numInterior, numExterior, colonia, estado, fechaInicio, fechaFin, especialidad, salarioVet, frecuencia, costoServicio, salarioCuid, horario, diaTrabajo, animalACargo, esVeterinario, esProveedor, esCuidador, esCliente) values (10638, 'Chucho', 'Ciobotaru', 'Huntriss', 'Male', null, null, null, null, null, null, null, null, null, null, null, null, null, null, null, null, null, false, false, false, true);
insert into persona (idPersona, nombre, paterno, materno, genero, rfc, nacimiento, calle, numInterior, numExterior, colonia, estado, fechaInicio, fechaFin, especialidad, salarioVet, frecuencia, costoServicio, salarioCuid, horario, diaTrabajo, animalACargo, esVeterinario, esProveedor, esCuidador, esCliente) values (10639, 'Vivie', 'Hemms', 'Kingsford', 'Female', null, null, null, null, null, null, null, null, null, null, null, null, null, null, null, null, null, false, false, false, true);
insert into persona (idPersona, nombre, paterno, materno, genero, rfc, nacimiento, calle, numInterior, numExterior, colonia, estado, fechaInicio, fechaFin, especialidad, salarioVet, frecuencia, costoServicio, salarioCuid, horario, diaTrabajo, animalACargo, esVeterinario, esProveedor, esCuidador, esCliente) values (10640, 'Obie', 'Grummitt', 'Sprosson', 'Polygender', null, null, null, null, null, null, null, null, null, null, null, null, null, null, null, null, null, false, false, false, true);
insert into persona (idPersona, nombre, paterno, materno, genero, rfc, nacimiento, calle, numInterior, numExterior, colonia, estado, fechaInicio, fechaFin, especialidad, salarioVet, frecuencia, costoServicio, salarioCuid, horario, diaTrabajo, animalACargo, esVeterinario, esProveedor, esCuidador, esCliente) values (10641, 'Lenard', 'Assender', 'Walklott', 'Male', null, null, null, null, null, null, null, null, null, null, null, null, null, null, null, null, null, false, false, false, true);
insert into persona (idPersona, nombre, paterno, materno, genero, rfc, nacimiento, calle, numInterior, numExterior, colonia, estado, fechaInicio, fechaFin, especialidad, salarioVet, frecuencia, costoServicio, salarioCuid, horario, diaTrabajo, animalACargo, esVeterinario, esProveedor, esCuidador, esCliente) values (10642, 'Lyndsay', 'Maxsted', 'Edards', 'Female', null, null, null, null, null, null, null, null, null, null, null, null, null, null, null, null, null, false, false, false, true);
insert into persona (idPersona, nombre, paterno, materno, genero, rfc, nacimiento, calle, numInterior, numExterior, colonia, estado, fechaInicio, fechaFin, especialidad, salarioVet, frecuencia, costoServicio, salarioCuid, horario, diaTrabajo, animalACargo, esVeterinario, esProveedor, esCuidador, esCliente) values (10643, 'Jacquelynn', 'Roughley', 'Botwood', 'Female', null, null, null, null, null, null, null, null, null, null, null, null, null, null, null, null, null, false, false, false, true);
insert into persona (idPersona, nombre, paterno, materno, genero, rfc, nacimiento, calle, numInterior, numExterior, colonia, estado, fechaInicio, fechaFin, especialidad, salarioVet, frecuencia, costoServicio, salarioCuid, horario, diaTrabajo, animalACargo, esVeterinario, esProveedor, esCuidador, esCliente) values (10644, 'Calv', 'Borgars', 'Hovenden', 'Male', null, null, null, null, null, null, null, null, null, null, null, null, null, null, null, null, null, false, false, false, true);
insert into persona (idPersona, nombre, paterno, materno, genero, rfc, nacimiento, calle, numInterior, numExterior, colonia, estado, fechaInicio, fechaFin, especialidad, salarioVet, frecuencia, costoServicio, salarioCuid, horario, diaTrabajo, animalACargo, esVeterinario, esProveedor, esCuidador, esCliente) values (10645, 'Nilson', 'Nuccitelli', 'Episcopi', 'Male', null, null, null, null, null, null, null, null, null, null, null, null, null, null, null, null, null, false, false, false, true);
insert into persona (idPersona, nombre, paterno, materno, genero, rfc, nacimiento, calle, numInterior, numExterior, colonia, estado, fechaInicio, fechaFin, especialidad, salarioVet, frecuencia, costoServicio, salarioCuid, horario, diaTrabajo, animalACargo, esVeterinario, esProveedor, esCuidador, esCliente) values (10646, 'Milicent', 'Dannel', 'Farrears', 'Female', null, null, null, null, null, null, null, null, null, null, null, null, null, null, null, null, null, false, false, false, true);
insert into persona (idPersona, nombre, paterno, materno, genero, rfc, nacimiento, calle, numInterior, numExterior, colonia, estado, fechaInicio, fechaFin, especialidad, salarioVet, frecuencia, costoServicio, salarioCuid, horario, diaTrabajo, animalACargo, esVeterinario, esProveedor, esCuidador, esCliente) values (10647, 'Tiffie', 'Scutching', 'Dinneen', 'Female', null, null, null, null, null, null, null, null, null, null, null, null, null, null, null, null, null, false, false, false, true);
insert into persona (idPersona, nombre, paterno, materno, genero, rfc, nacimiento, calle, numInterior, numExterior, colonia, estado, fechaInicio, fechaFin, especialidad, salarioVet, frecuencia, costoServicio, salarioCuid, horario, diaTrabajo, animalACargo, esVeterinario, esProveedor, esCuidador, esCliente) values (10648, 'Alexia', 'Lisimore', 'Marton', 'Female', null, null, null, null, null, null, null, null, null, null, null, null, null, null, null, null, null, false, false, false, true);
insert into persona (idPersona, nombre, paterno, materno, genero, rfc, nacimiento, calle, numInterior, numExterior, colonia, estado, fechaInicio, fechaFin, especialidad, salarioVet, frecuencia, costoServicio, salarioCuid, horario, diaTrabajo, animalACargo, esVeterinario, esProveedor, esCuidador, esCliente) values (10649, 'Meghann', 'Feilden', 'Skule', 'Female', null, null, null, null, null, null, null, null, null, null, null, null, null, null, null, null, null, false, false, false, true);
insert into persona (idPersona, nombre, paterno, materno, genero, rfc, nacimiento, calle, numInterior, numExterior, colonia, estado, fechaInicio, fechaFin, especialidad, salarioVet, frecuencia, costoServicio, salarioCuid, horario, diaTrabajo, animalACargo, esVeterinario, esProveedor, esCuidador, esCliente) values (10650, 'Waldon', 'Gernier', 'Spradbrow', 'Male', null, null, null, null, null, null, null, null, null, null, null, null, null, null, null, null, null, false, false, false, true);
insert into persona (idPersona, nombre, paterno, materno, genero, rfc, nacimiento, calle, numInterior, numExterior, colonia, estado, fechaInicio, fechaFin, especialidad, salarioVet, frecuencia, costoServicio, salarioCuid, horario, diaTrabajo, animalACargo, esVeterinario, esProveedor, esCuidador, esCliente) values (10651, 'Major', 'Sheilds', 'Serck', 'Male', null, null, null, null, null, null, null, null, null, null, null, null, null, null, null, null, null, false, false, false, true);
insert into persona (idPersona, nombre, paterno, materno, genero, rfc, nacimiento, calle, numInterior, numExterior, colonia, estado, fechaInicio, fechaFin, especialidad, salarioVet, frecuencia, costoServicio, salarioCuid, horario, diaTrabajo, animalACargo, esVeterinario, esProveedor, esCuidador, esCliente) values (10652, 'Remy', 'Jillions', 'Delacroix', 'Female', null, null, null, null, null, null, null, null, null, null, null, null, null, null, null, null, null, false, false, false, true);
insert into persona (idPersona, nombre, paterno, materno, genero, rfc, nacimiento, calle, numInterior, numExterior, colonia, estado, fechaInicio, fechaFin, especialidad, salarioVet, frecuencia, costoServicio, salarioCuid, horario, diaTrabajo, animalACargo, esVeterinario, esProveedor, esCuidador, esCliente) values (10653, 'Inesita', 'Santer', 'Melsome', 'Female', null, null, null, null, null, null, null, null, null, null, null, null, null, null, null, null, null, false, false, false, true);
insert into persona (idPersona, nombre, paterno, materno, genero, rfc, nacimiento, calle, numInterior, numExterior, colonia, estado, fechaInicio, fechaFin, especialidad, salarioVet, frecuencia, costoServicio, salarioCuid, horario, diaTrabajo, animalACargo, esVeterinario, esProveedor, esCuidador, esCliente) values (10654, 'Eldredge', 'Hurtic', 'Sandeman', 'Genderfluid', null, null, null, null, null, null, null, null, null, null, null, null, null, null, null, null, null, false, false, false, true);
insert into persona (idPersona, nombre, paterno, materno, genero, rfc, nacimiento, calle, numInterior, numExterior, colonia, estado, fechaInicio, fechaFin, especialidad, salarioVet, frecuencia, costoServicio, salarioCuid, horario, diaTrabajo, animalACargo, esVeterinario, esProveedor, esCuidador, esCliente) values (10655, 'Joice', 'Angelo', 'Alywin', 'Female', null, null, null, null, null, null, null, null, null, null, null, null, null, null, null, null, null, false, false, false, true);
insert into persona (idPersona, nombre, paterno, materno, genero, rfc, nacimiento, calle, numInterior, numExterior, colonia, estado, fechaInicio, fechaFin, especialidad, salarioVet, frecuencia, costoServicio, salarioCuid, horario, diaTrabajo, animalACargo, esVeterinario, esProveedor, esCuidador, esCliente) values (10656, 'May', 'Armstrong', 'Fairnington', 'Female', null, null, null, null, null, null, null, null, null, null, null, null, null, null, null, null, null, false, false, false, true);
insert into persona (idPersona, nombre, paterno, materno, genero, rfc, nacimiento, calle, numInterior, numExterior, colonia, estado, fechaInicio, fechaFin, especialidad, salarioVet, frecuencia, costoServicio, salarioCuid, horario, diaTrabajo, animalACargo, esVeterinario, esProveedor, esCuidador, esCliente) values (10657, 'Jarrett', 'Banaszkiewicz', 'Schettini', 'Male', null, null, null, null, null, null, null, null, null, null, null, null, null, null, null, null, null, false, false, false, true);
insert into persona (idPersona, nombre, paterno, materno, genero, rfc, nacimiento, calle, numInterior, numExterior, colonia, estado, fechaInicio, fechaFin, especialidad, salarioVet, frecuencia, costoServicio, salarioCuid, horario, diaTrabajo, animalACargo, esVeterinario, esProveedor, esCuidador, esCliente) values (10658, 'Abeu', 'Necrews', 'Martinho', 'Male', null, null, null, null, null, null, null, null, null, null, null, null, null, null, null, null, null, false, false, false, true);
insert into persona (idPersona, nombre, paterno, materno, genero, rfc, nacimiento, calle, numInterior, numExterior, colonia, estado, fechaInicio, fechaFin, especialidad, salarioVet, frecuencia, costoServicio, salarioCuid, horario, diaTrabajo, animalACargo, esVeterinario, esProveedor, esCuidador, esCliente) values (10659, 'Kylynn', 'Iban', 'Paylie', 'Polygender', null, null, null, null, null, null, null, null, null, null, null, null, null, null, null, null, null, false, false, false, true);
insert into persona (idPersona, nombre, paterno, materno, genero, rfc, nacimiento, calle, numInterior, numExterior, colonia, estado, fechaInicio, fechaFin, especialidad, salarioVet, frecuencia, costoServicio, salarioCuid, horario, diaTrabajo, animalACargo, esVeterinario, esProveedor, esCuidador, esCliente) values (10660, 'Sterne', 'Ellington', 'Blackly', 'Male', null, null, null, null, null, null, null, null, null, null, null, null, null, null, null, null, null, false, false, false, true);
insert into persona (idPersona, nombre, paterno, materno, genero, rfc, nacimiento, calle, numInterior, numExterior, colonia, estado, fechaInicio, fechaFin, especialidad, salarioVet, frecuencia, costoServicio, salarioCuid, horario, diaTrabajo, animalACargo, esVeterinario, esProveedor, esCuidador, esCliente) values (10661, 'Charis', 'Douris', 'Pinniger', 'Female', null, null, null, null, null, null, null, null, null, null, null, null, null, null, null, null, null, false, false, false, true);
insert into persona (idPersona, nombre, paterno, materno, genero, rfc, nacimiento, calle, numInterior, numExterior, colonia, estado, fechaInicio, fechaFin, especialidad, salarioVet, frecuencia, costoServicio, salarioCuid, horario, diaTrabajo, animalACargo, esVeterinario, esProveedor, esCuidador, esCliente) values (10662, 'Clarabelle', 'Moizer', 'Camocke', 'Female', null, null, null, null, null, null, null, null, null, null, null, null, null, null, null, null, null, false, false, false, true);
insert into persona (idPersona, nombre, paterno, materno, genero, rfc, nacimiento, calle, numInterior, numExterior, colonia, estado, fechaInicio, fechaFin, especialidad, salarioVet, frecuencia, costoServicio, salarioCuid, horario, diaTrabajo, animalACargo, esVeterinario, esProveedor, esCuidador, esCliente) values (10663, 'Julieta', 'Speariett', 'Ferguson', 'Agender', null, null, null, null, null, null, null, null, null, null, null, null, null, null, null, null, null, false, false, false, true);
insert into persona (idPersona, nombre, paterno, materno, genero, rfc, nacimiento, calle, numInterior, numExterior, colonia, estado, fechaInicio, fechaFin, especialidad, salarioVet, frecuencia, costoServicio, salarioCuid, horario, diaTrabajo, animalACargo, esVeterinario, esProveedor, esCuidador, esCliente) values (10664, 'Shanie', 'Dayne', 'Beaves', 'Female', null, null, null, null, null, null, null, null, null, null, null, null, null, null, null, null, null, false, false, false, true);
insert into persona (idPersona, nombre, paterno, materno, genero, rfc, nacimiento, calle, numInterior, numExterior, colonia, estado, fechaInicio, fechaFin, especialidad, salarioVet, frecuencia, costoServicio, salarioCuid, horario, diaTrabajo, animalACargo, esVeterinario, esProveedor, esCuidador, esCliente) values (10665, 'King', 'Hartley', 'Curzon', 'Male', null, null, null, null, null, null, null, null, null, null, null, null, null, null, null, null, null, false, false, false, true);
insert into persona (idPersona, nombre, paterno, materno, genero, rfc, nacimiento, calle, numInterior, numExterior, colonia, estado, fechaInicio, fechaFin, especialidad, salarioVet, frecuencia, costoServicio, salarioCuid, horario, diaTrabajo, animalACargo, esVeterinario, esProveedor, esCuidador, esCliente) values (10666, 'Bennie', 'Hayland', 'Maskelyne', 'Male', null, null, null, null, null, null, null, null, null, null, null, null, null, null, null, null, null, false, false, false, true);
insert into persona (idPersona, nombre, paterno, materno, genero, rfc, nacimiento, calle, numInterior, numExterior, colonia, estado, fechaInicio, fechaFin, especialidad, salarioVet, frecuencia, costoServicio, salarioCuid, horario, diaTrabajo, animalACargo, esVeterinario, esProveedor, esCuidador, esCliente) values (10667, 'Juana', 'Impy', 'Coopland', 'Female', null, null, null, null, null, null, null, null, null, null, null, null, null, null, null, null, null, false, false, false, true);
insert into persona (idPersona, nombre, paterno, materno, genero, rfc, nacimiento, calle, numInterior, numExterior, colonia, estado, fechaInicio, fechaFin, especialidad, salarioVet, frecuencia, costoServicio, salarioCuid, horario, diaTrabajo, animalACargo, esVeterinario, esProveedor, esCuidador, esCliente) values (10668, 'Kim', 'Erwin', 'Garroway', 'Female', null, null, null, null, null, null, null, null, null, null, null, null, null, null, null, null, null, false, false, false, true);
insert into persona (idPersona, nombre, paterno, materno, genero, rfc, nacimiento, calle, numInterior, numExterior, colonia, estado, fechaInicio, fechaFin, especialidad, salarioVet, frecuencia, costoServicio, salarioCuid, horario, diaTrabajo, animalACargo, esVeterinario, esProveedor, esCuidador, esCliente) values (10669, 'Merwin', 'Bristoe', 'St. John', 'Male', null, null, null, null, null, null, null, null, null, null, null, null, null, null, null, null, null, false, false, false, true);
insert into persona (idPersona, nombre, paterno, materno, genero, rfc, nacimiento, calle, numInterior, numExterior, colonia, estado, fechaInicio, fechaFin, especialidad, salarioVet, frecuencia, costoServicio, salarioCuid, horario, diaTrabajo, animalACargo, esVeterinario, esProveedor, esCuidador, esCliente) values (10670, 'Grace', 'Trulock', 'Hardingham', 'Female', null, null, null, null, null, null, null, null, null, null, null, null, null, null, null, null, null, false, false, false, true);
insert into persona (idPersona, nombre, paterno, materno, genero, rfc, nacimiento, calle, numInterior, numExterior, colonia, estado, fechaInicio, fechaFin, especialidad, salarioVet, frecuencia, costoServicio, salarioCuid, horario, diaTrabajo, animalACargo, esVeterinario, esProveedor, esCuidador, esCliente) values (10671, 'Tadeo', 'Lorenzo', 'Paradise', 'Male', null, null, null, null, null, null, null, null, null, null, null, null, null, null, null, null, null, false, false, false, true);
insert into persona (idPersona, nombre, paterno, materno, genero, rfc, nacimiento, calle, numInterior, numExterior, colonia, estado, fechaInicio, fechaFin, especialidad, salarioVet, frecuencia, costoServicio, salarioCuid, horario, diaTrabajo, animalACargo, esVeterinario, esProveedor, esCuidador, esCliente) values (10672, 'Martyn', 'Kall', 'Hallor', 'Polygender', null, null, null, null, null, null, null, null, null, null, null, null, null, null, null, null, null, false, false, false, true);
insert into persona (idPersona, nombre, paterno, materno, genero, rfc, nacimiento, calle, numInterior, numExterior, colonia, estado, fechaInicio, fechaFin, especialidad, salarioVet, frecuencia, costoServicio, salarioCuid, horario, diaTrabajo, animalACargo, esVeterinario, esProveedor, esCuidador, esCliente) values (10673, 'Jourdan', 'Gohier', 'Barrasse', 'Female', null, null, null, null, null, null, null, null, null, null, null, null, null, null, null, null, null, false, false, false, true);
insert into persona (idPersona, nombre, paterno, materno, genero, rfc, nacimiento, calle, numInterior, numExterior, colonia, estado, fechaInicio, fechaFin, especialidad, salarioVet, frecuencia, costoServicio, salarioCuid, horario, diaTrabajo, animalACargo, esVeterinario, esProveedor, esCuidador, esCliente) values (10674, 'Birgitta', 'Elcum', 'Derbyshire', 'Female', null, null, null, null, null, null, null, null, null, null, null, null, null, null, null, null, null, false, false, false, true);
insert into persona (idPersona, nombre, paterno, materno, genero, rfc, nacimiento, calle, numInterior, numExterior, colonia, estado, fechaInicio, fechaFin, especialidad, salarioVet, frecuencia, costoServicio, salarioCuid, horario, diaTrabajo, animalACargo, esVeterinario, esProveedor, esCuidador, esCliente) values (10675, 'Sib', 'Ipsgrave', 'Episcopi', 'Female', null, null, null, null, null, null, null, null, null, null, null, null, null, null, null, null, null, false, false, false, true);
insert into persona (idPersona, nombre, paterno, materno, genero, rfc, nacimiento, calle, numInterior, numExterior, colonia, estado, fechaInicio, fechaFin, especialidad, salarioVet, frecuencia, costoServicio, salarioCuid, horario, diaTrabajo, animalACargo, esVeterinario, esProveedor, esCuidador, esCliente) values (10676, 'Kippie', 'Bruhnke', 'Branno', 'Female', null, null, null, null, null, null, null, null, null, null, null, null, null, null, null, null, null, false, false, false, true);
insert into persona (idPersona, nombre, paterno, materno, genero, rfc, nacimiento, calle, numInterior, numExterior, colonia, estado, fechaInicio, fechaFin, especialidad, salarioVet, frecuencia, costoServicio, salarioCuid, horario, diaTrabajo, animalACargo, esVeterinario, esProveedor, esCuidador, esCliente) values (10677, 'Quinn', 'Pirdy', 'Flode', 'Bigender', null, null, null, null, null, null, null, null, null, null, null, null, null, null, null, null, null, false, false, false, true);
insert into persona (idPersona, nombre, paterno, materno, genero, rfc, nacimiento, calle, numInterior, numExterior, colonia, estado, fechaInicio, fechaFin, especialidad, salarioVet, frecuencia, costoServicio, salarioCuid, horario, diaTrabajo, animalACargo, esVeterinario, esProveedor, esCuidador, esCliente) values (10678, 'Kial', 'Leggott', 'Taft', 'Female', null, null, null, null, null, null, null, null, null, null, null, null, null, null, null, null, null, false, false, false, true);
insert into persona (idPersona, nombre, paterno, materno, genero, rfc, nacimiento, calle, numInterior, numExterior, colonia, estado, fechaInicio, fechaFin, especialidad, salarioVet, frecuencia, costoServicio, salarioCuid, horario, diaTrabajo, animalACargo, esVeterinario, esProveedor, esCuidador, esCliente) values (10679, 'Kat', 'Sedman', 'Gresley', 'Female', null, null, null, null, null, null, null, null, null, null, null, null, null, null, null, null, null, false, false, false, true);
insert into persona (idPersona, nombre, paterno, materno, genero, rfc, nacimiento, calle, numInterior, numExterior, colonia, estado, fechaInicio, fechaFin, especialidad, salarioVet, frecuencia, costoServicio, salarioCuid, horario, diaTrabajo, animalACargo, esVeterinario, esProveedor, esCuidador, esCliente) values (10680, 'Artair', 'Durie', 'Whitmore', 'Male', null, null, null, null, null, null, null, null, null, null, null, null, null, null, null, null, null, false, false, false, true);
insert into persona (idPersona, nombre, paterno, materno, genero, rfc, nacimiento, calle, numInterior, numExterior, colonia, estado, fechaInicio, fechaFin, especialidad, salarioVet, frecuencia, costoServicio, salarioCuid, horario, diaTrabajo, animalACargo, esVeterinario, esProveedor, esCuidador, esCliente) values (10681, 'Tod', 'Witheridge', 'Jansik', 'Male', null, null, null, null, null, null, null, null, null, null, null, null, null, null, null, null, null, false, false, false, true);
insert into persona (idPersona, nombre, paterno, materno, genero, rfc, nacimiento, calle, numInterior, numExterior, colonia, estado, fechaInicio, fechaFin, especialidad, salarioVet, frecuencia, costoServicio, salarioCuid, horario, diaTrabajo, animalACargo, esVeterinario, esProveedor, esCuidador, esCliente) values (10682, 'Dagmar', 'Pendrey', 'Tatum', 'Female', null, null, null, null, null, null, null, null, null, null, null, null, null, null, null, null, null, false, false, false, true);
insert into persona (idPersona, nombre, paterno, materno, genero, rfc, nacimiento, calle, numInterior, numExterior, colonia, estado, fechaInicio, fechaFin, especialidad, salarioVet, frecuencia, costoServicio, salarioCuid, horario, diaTrabajo, animalACargo, esVeterinario, esProveedor, esCuidador, esCliente) values (10683, 'Kevina', 'Jodrelle', 'Parysowna', 'Female', null, null, null, null, null, null, null, null, null, null, null, null, null, null, null, null, null, false, false, false, true);
insert into persona (idPersona, nombre, paterno, materno, genero, rfc, nacimiento, calle, numInterior, numExterior, colonia, estado, fechaInicio, fechaFin, especialidad, salarioVet, frecuencia, costoServicio, salarioCuid, horario, diaTrabajo, animalACargo, esVeterinario, esProveedor, esCuidador, esCliente) values (10684, 'Christal', 'Jeffrey', 'Tongue', 'Female', null, null, null, null, null, null, null, null, null, null, null, null, null, null, null, null, null, false, false, false, true);
insert into persona (idPersona, nombre, paterno, materno, genero, rfc, nacimiento, calle, numInterior, numExterior, colonia, estado, fechaInicio, fechaFin, especialidad, salarioVet, frecuencia, costoServicio, salarioCuid, horario, diaTrabajo, animalACargo, esVeterinario, esProveedor, esCuidador, esCliente) values (10685, 'Katrine', 'Keam', 'Bennough', 'Female', null, null, null, null, null, null, null, null, null, null, null, null, null, null, null, null, null, false, false, false, true);
insert into persona (idPersona, nombre, paterno, materno, genero, rfc, nacimiento, calle, numInterior, numExterior, colonia, estado, fechaInicio, fechaFin, especialidad, salarioVet, frecuencia, costoServicio, salarioCuid, horario, diaTrabajo, animalACargo, esVeterinario, esProveedor, esCuidador, esCliente) values (10686, 'Alfonso', 'Camier', 'Duddin', 'Male', null, null, null, null, null, null, null, null, null, null, null, null, null, null, null, null, null, false, false, false, true);
insert into persona (idPersona, nombre, paterno, materno, genero, rfc, nacimiento, calle, numInterior, numExterior, colonia, estado, fechaInicio, fechaFin, especialidad, salarioVet, frecuencia, costoServicio, salarioCuid, horario, diaTrabajo, animalACargo, esVeterinario, esProveedor, esCuidador, esCliente) values (10687, 'Rowland', 'Guilford', 'Wreight', 'Male', null, null, null, null, null, null, null, null, null, null, null, null, null, null, null, null, null, false, false, false, true);
insert into persona (idPersona, nombre, paterno, materno, genero, rfc, nacimiento, calle, numInterior, numExterior, colonia, estado, fechaInicio, fechaFin, especialidad, salarioVet, frecuencia, costoServicio, salarioCuid, horario, diaTrabajo, animalACargo, esVeterinario, esProveedor, esCuidador, esCliente) values (10688, 'Sven', 'Tweedlie', 'Waldera', 'Male', null, null, null, null, null, null, null, null, null, null, null, null, null, null, null, null, null, false, false, false, true);
insert into persona (idPersona, nombre, paterno, materno, genero, rfc, nacimiento, calle, numInterior, numExterior, colonia, estado, fechaInicio, fechaFin, especialidad, salarioVet, frecuencia, costoServicio, salarioCuid, horario, diaTrabajo, animalACargo, esVeterinario, esProveedor, esCuidador, esCliente) values (10689, 'Garnette', 'Yendall', 'Maffione', 'Female', null, null, null, null, null, null, null, null, null, null, null, null, null, null, null, null, null, false, false, false, true);
insert into persona (idPersona, nombre, paterno, materno, genero, rfc, nacimiento, calle, numInterior, numExterior, colonia, estado, fechaInicio, fechaFin, especialidad, salarioVet, frecuencia, costoServicio, salarioCuid, horario, diaTrabajo, animalACargo, esVeterinario, esProveedor, esCuidador, esCliente) values (10690, 'Justine', 'Titmus', 'Saunper', 'Female', null, null, null, null, null, null, null, null, null, null, null, null, null, null, null, null, null, false, false, false, true);
insert into persona (idPersona, nombre, paterno, materno, genero, rfc, nacimiento, calle, numInterior, numExterior, colonia, estado, fechaInicio, fechaFin, especialidad, salarioVet, frecuencia, costoServicio, salarioCuid, horario, diaTrabajo, animalACargo, esVeterinario, esProveedor, esCuidador, esCliente) values (10691, 'Willabella', 'Gogarty', 'Deacock', 'Female', null, null, null, null, null, null, null, null, null, null, null, null, null, null, null, null, null, false, false, false, true);
insert into persona (idPersona, nombre, paterno, materno, genero, rfc, nacimiento, calle, numInterior, numExterior, colonia, estado, fechaInicio, fechaFin, especialidad, salarioVet, frecuencia, costoServicio, salarioCuid, horario, diaTrabajo, animalACargo, esVeterinario, esProveedor, esCuidador, esCliente) values (10692, 'Sheelah', 'Vasilmanov', 'Male', 'Female', null, null, null, null, null, null, null, null, null, null, null, null, null, null, null, null, null, false, false, false, true);
insert into persona (idPersona, nombre, paterno, materno, genero, rfc, nacimiento, calle, numInterior, numExterior, colonia, estado, fechaInicio, fechaFin, especialidad, salarioVet, frecuencia, costoServicio, salarioCuid, horario, diaTrabajo, animalACargo, esVeterinario, esProveedor, esCuidador, esCliente) values (10693, 'Sullivan', 'Wiburn', 'Cowins', 'Male', null, null, null, null, null, null, null, null, null, null, null, null, null, null, null, null, null, false, false, false, true);
insert into persona (idPersona, nombre, paterno, materno, genero, rfc, nacimiento, calle, numInterior, numExterior, colonia, estado, fechaInicio, fechaFin, especialidad, salarioVet, frecuencia, costoServicio, salarioCuid, horario, diaTrabajo, animalACargo, esVeterinario, esProveedor, esCuidador, esCliente) values (10694, 'Mike', 'Treace', 'Russi', 'Male', null, null, null, null, null, null, null, null, null, null, null, null, null, null, null, null, null, false, false, false, true);
insert into persona (idPersona, nombre, paterno, materno, genero, rfc, nacimiento, calle, numInterior, numExterior, colonia, estado, fechaInicio, fechaFin, especialidad, salarioVet, frecuencia, costoServicio, salarioCuid, horario, diaTrabajo, animalACargo, esVeterinario, esProveedor, esCuidador, esCliente) values (10695, 'Sidonia', 'Collens', 'Drillot', 'Agender', null, null, null, null, null, null, null, null, null, null, null, null, null, null, null, null, null, false, false, false, true);
insert into persona (idPersona, nombre, paterno, materno, genero, rfc, nacimiento, calle, numInterior, numExterior, colonia, estado, fechaInicio, fechaFin, especialidad, salarioVet, frecuencia, costoServicio, salarioCuid, horario, diaTrabajo, animalACargo, esVeterinario, esProveedor, esCuidador, esCliente) values (10696, 'Addison', 'Memmory', 'Pringuer', 'Male', null, null, null, null, null, null, null, null, null, null, null, null, null, null, null, null, null, false, false, false, true);
insert into persona (idPersona, nombre, paterno, materno, genero, rfc, nacimiento, calle, numInterior, numExterior, colonia, estado, fechaInicio, fechaFin, especialidad, salarioVet, frecuencia, costoServicio, salarioCuid, horario, diaTrabajo, animalACargo, esVeterinario, esProveedor, esCuidador, esCliente) values (10697, 'Ariel', 'Caig', 'Hannaway', 'Male', null, null, null, null, null, null, null, null, null, null, null, null, null, null, null, null, null, false, false, false, true);
insert into persona (idPersona, nombre, paterno, materno, genero, rfc, nacimiento, calle, numInterior, numExterior, colonia, estado, fechaInicio, fechaFin, especialidad, salarioVet, frecuencia, costoServicio, salarioCuid, horario, diaTrabajo, animalACargo, esVeterinario, esProveedor, esCuidador, esCliente) values (10698, 'Dimitri', 'Strooband', 'Postles', 'Male', null, null, null, null, null, null, null, null, null, null, null, null, null, null, null, null, null, false, false, false, true);
insert into persona (idPersona, nombre, paterno, materno, genero, rfc, nacimiento, calle, numInterior, numExterior, colonia, estado, fechaInicio, fechaFin, especialidad, salarioVet, frecuencia, costoServicio, salarioCuid, horario, diaTrabajo, animalACargo, esVeterinario, esProveedor, esCuidador, esCliente) values (10699, 'Timothee', 'Ollerenshaw', 'Bohden', 'Male', null, null, null, null, null, null, null, null, null, null, null, null, null, null, null, null, null, false, false, false, true);
insert into persona (idPersona, nombre, paterno, materno, genero, rfc, nacimiento, calle, numInterior, numExterior, colonia, estado, fechaInicio, fechaFin, especialidad, salarioVet, frecuencia, costoServicio, salarioCuid, horario, diaTrabajo, animalACargo, esVeterinario, esProveedor, esCuidador, esCliente) values (10700, 'Gregoire', 'Davidowich', 'Dollimore', 'Male', null, null, null, null, null, null, null, null, null, null, null, null, null, null, null, null, null, false, false, false, true);
insert into persona (idPersona, nombre, paterno, materno, genero, rfc, nacimiento, calle, numInterior, numExterior, colonia, estado, fechaInicio, fechaFin, especialidad, salarioVet, frecuencia, costoServicio, salarioCuid, horario, diaTrabajo, animalACargo, esVeterinario, esProveedor, esCuidador, esCliente) values (10701, 'Brnaby', 'Lindelof', 'Lohrensen', 'Male', null, null, null, null, null, null, null, null, null, null, null, null, null, null, null, null, null, false, false, false, true);
insert into persona (idPersona, nombre, paterno, materno, genero, rfc, nacimiento, calle, numInterior, numExterior, colonia, estado, fechaInicio, fechaFin, especialidad, salarioVet, frecuencia, costoServicio, salarioCuid, horario, diaTrabajo, animalACargo, esVeterinario, esProveedor, esCuidador, esCliente) values (10702, 'Rubin', 'Averies', 'Glyde', 'Genderqueer', null, null, null, null, null, null, null, null, null, null, null, null, null, null, null, null, null, false, false, false, true);
insert into persona (idPersona, nombre, paterno, materno, genero, rfc, nacimiento, calle, numInterior, numExterior, colonia, estado, fechaInicio, fechaFin, especialidad, salarioVet, frecuencia, costoServicio, salarioCuid, horario, diaTrabajo, animalACargo, esVeterinario, esProveedor, esCuidador, esCliente) values (10703, 'Amelita', 'Kimberley', 'Cadogan', 'Female', null, null, null, null, null, null, null, null, null, null, null, null, null, null, null, null, null, false, false, false, true);
insert into persona (idPersona, nombre, paterno, materno, genero, rfc, nacimiento, calle, numInterior, numExterior, colonia, estado, fechaInicio, fechaFin, especialidad, salarioVet, frecuencia, costoServicio, salarioCuid, horario, diaTrabajo, animalACargo, esVeterinario, esProveedor, esCuidador, esCliente) values (10704, 'Becka', 'Stormonth', 'Olyunin', 'Female', null, null, null, null, null, null, null, null, null, null, null, null, null, null, null, null, null, false, false, false, true);
insert into persona (idPersona, nombre, paterno, materno, genero, rfc, nacimiento, calle, numInterior, numExterior, colonia, estado, fechaInicio, fechaFin, especialidad, salarioVet, frecuencia, costoServicio, salarioCuid, horario, diaTrabajo, animalACargo, esVeterinario, esProveedor, esCuidador, esCliente) values (10705, 'Boy', 'Skeleton', 'Churms', 'Male', null, null, null, null, null, null, null, null, null, null, null, null, null, null, null, null, null, false, false, false, true);
insert into persona (idPersona, nombre, paterno, materno, genero, rfc, nacimiento, calle, numInterior, numExterior, colonia, estado, fechaInicio, fechaFin, especialidad, salarioVet, frecuencia, costoServicio, salarioCuid, horario, diaTrabajo, animalACargo, esVeterinario, esProveedor, esCuidador, esCliente) values (10706, 'Devondra', 'Clemoes', 'Barg', 'Female', null, null, null, null, null, null, null, null, null, null, null, null, null, null, null, null, null, false, false, false, true);
insert into persona (idPersona, nombre, paterno, materno, genero, rfc, nacimiento, calle, numInterior, numExterior, colonia, estado, fechaInicio, fechaFin, especialidad, salarioVet, frecuencia, costoServicio, salarioCuid, horario, diaTrabajo, animalACargo, esVeterinario, esProveedor, esCuidador, esCliente) values (10707, 'Zorine', 'Boerderman', 'Livesay', 'Female', null, null, null, null, null, null, null, null, null, null, null, null, null, null, null, null, null, false, false, false, true);
insert into persona (idPersona, nombre, paterno, materno, genero, rfc, nacimiento, calle, numInterior, numExterior, colonia, estado, fechaInicio, fechaFin, especialidad, salarioVet, frecuencia, costoServicio, salarioCuid, horario, diaTrabajo, animalACargo, esVeterinario, esProveedor, esCuidador, esCliente) values (10708, 'Anna-diane', 'Lille', 'Stronach', 'Female', null, null, null, null, null, null, null, null, null, null, null, null, null, null, null, null, null, false, false, false, true);
insert into persona (idPersona, nombre, paterno, materno, genero, rfc, nacimiento, calle, numInterior, numExterior, colonia, estado, fechaInicio, fechaFin, especialidad, salarioVet, frecuencia, costoServicio, salarioCuid, horario, diaTrabajo, animalACargo, esVeterinario, esProveedor, esCuidador, esCliente) values (10709, 'Arri', 'Klemt', 'Abrahmovici', 'Male', null, null, null, null, null, null, null, null, null, null, null, null, null, null, null, null, null, false, false, false, true);
insert into persona (idPersona, nombre, paterno, materno, genero, rfc, nacimiento, calle, numInterior, numExterior, colonia, estado, fechaInicio, fechaFin, especialidad, salarioVet, frecuencia, costoServicio, salarioCuid, horario, diaTrabajo, animalACargo, esVeterinario, esProveedor, esCuidador, esCliente) values (10710, 'Raimondo', 'Phillp', 'Dwyer', 'Male', null, null, null, null, null, null, null, null, null, null, null, null, null, null, null, null, null, false, false, false, true);
insert into persona (idPersona, nombre, paterno, materno, genero, rfc, nacimiento, calle, numInterior, numExterior, colonia, estado, fechaInicio, fechaFin, especialidad, salarioVet, frecuencia, costoServicio, salarioCuid, horario, diaTrabajo, animalACargo, esVeterinario, esProveedor, esCuidador, esCliente) values (10711, 'Kirsti', 'Garn', 'Reade', 'Female', null, null, null, null, null, null, null, null, null, null, null, null, null, null, null, null, null, false, false, false, true);
insert into persona (idPersona, nombre, paterno, materno, genero, rfc, nacimiento, calle, numInterior, numExterior, colonia, estado, fechaInicio, fechaFin, especialidad, salarioVet, frecuencia, costoServicio, salarioCuid, horario, diaTrabajo, animalACargo, esVeterinario, esProveedor, esCuidador, esCliente) values (10712, 'Denney', 'Spikeings', 'Strowan', 'Male', null, null, null, null, null, null, null, null, null, null, null, null, null, null, null, null, null, false, false, false, true);
insert into persona (idPersona, nombre, paterno, materno, genero, rfc, nacimiento, calle, numInterior, numExterior, colonia, estado, fechaInicio, fechaFin, especialidad, salarioVet, frecuencia, costoServicio, salarioCuid, horario, diaTrabajo, animalACargo, esVeterinario, esProveedor, esCuidador, esCliente) values (10713, 'Brandea', 'Cloughton', 'Tackes', 'Female', null, null, null, null, null, null, null, null, null, null, null, null, null, null, null, null, null, false, false, false, true);
insert into persona (idPersona, nombre, paterno, materno, genero, rfc, nacimiento, calle, numInterior, numExterior, colonia, estado, fechaInicio, fechaFin, especialidad, salarioVet, frecuencia, costoServicio, salarioCuid, horario, diaTrabajo, animalACargo, esVeterinario, esProveedor, esCuidador, esCliente) values (10714, 'Thorny', 'Dixcee', 'Piscotti', 'Male', null, null, null, null, null, null, null, null, null, null, null, null, null, null, null, null, null, false, false, false, true);
insert into persona (idPersona, nombre, paterno, materno, genero, rfc, nacimiento, calle, numInterior, numExterior, colonia, estado, fechaInicio, fechaFin, especialidad, salarioVet, frecuencia, costoServicio, salarioCuid, horario, diaTrabajo, animalACargo, esVeterinario, esProveedor, esCuidador, esCliente) values (10715, 'Orelia', 'Stanlike', 'Sharp', 'Genderfluid', null, null, null, null, null, null, null, null, null, null, null, null, null, null, null, null, null, false, false, false, true);
insert into persona (idPersona, nombre, paterno, materno, genero, rfc, nacimiento, calle, numInterior, numExterior, colonia, estado, fechaInicio, fechaFin, especialidad, salarioVet, frecuencia, costoServicio, salarioCuid, horario, diaTrabajo, animalACargo, esVeterinario, esProveedor, esCuidador, esCliente) values (10716, 'Jeremy', 'Norvel', 'Kenwright', 'Male', null, null, null, null, null, null, null, null, null, null, null, null, null, null, null, null, null, false, false, false, true);
insert into persona (idPersona, nombre, paterno, materno, genero, rfc, nacimiento, calle, numInterior, numExterior, colonia, estado, fechaInicio, fechaFin, especialidad, salarioVet, frecuencia, costoServicio, salarioCuid, horario, diaTrabajo, animalACargo, esVeterinario, esProveedor, esCuidador, esCliente) values (10717, 'Maritsa', 'Sproat', 'Sommerland', 'Female', null, null, null, null, null, null, null, null, null, null, null, null, null, null, null, null, null, false, false, false, true);
insert into persona (idPersona, nombre, paterno, materno, genero, rfc, nacimiento, calle, numInterior, numExterior, colonia, estado, fechaInicio, fechaFin, especialidad, salarioVet, frecuencia, costoServicio, salarioCuid, horario, diaTrabajo, animalACargo, esVeterinario, esProveedor, esCuidador, esCliente) values (10718, 'Lesley', 'Edgeon', 'Rhoddie', 'Female', null, null, null, null, null, null, null, null, null, null, null, null, null, null, null, null, null, false, false, false, true);
insert into persona (idPersona, nombre, paterno, materno, genero, rfc, nacimiento, calle, numInterior, numExterior, colonia, estado, fechaInicio, fechaFin, especialidad, salarioVet, frecuencia, costoServicio, salarioCuid, horario, diaTrabajo, animalACargo, esVeterinario, esProveedor, esCuidador, esCliente) values (10719, 'Loutitia', 'Kesterton', 'Leasor', 'Female', null, null, null, null, null, null, null, null, null, null, null, null, null, null, null, null, null, false, false, false, true);
insert into persona (idPersona, nombre, paterno, materno, genero, rfc, nacimiento, calle, numInterior, numExterior, colonia, estado, fechaInicio, fechaFin, especialidad, salarioVet, frecuencia, costoServicio, salarioCuid, horario, diaTrabajo, animalACargo, esVeterinario, esProveedor, esCuidador, esCliente) values (10720, 'Issiah', 'Sarrell', 'Crookshanks', 'Genderqueer', null, null, null, null, null, null, null, null, null, null, null, null, null, null, null, null, null, false, false, false, true);
insert into persona (idPersona, nombre, paterno, materno, genero, rfc, nacimiento, calle, numInterior, numExterior, colonia, estado, fechaInicio, fechaFin, especialidad, salarioVet, frecuencia, costoServicio, salarioCuid, horario, diaTrabajo, animalACargo, esVeterinario, esProveedor, esCuidador, esCliente) values (10721, 'Hashim', 'Ballchin', 'Capstake', 'Male', null, null, null, null, null, null, null, null, null, null, null, null, null, null, null, null, null, false, false, false, true);
insert into persona (idPersona, nombre, paterno, materno, genero, rfc, nacimiento, calle, numInterior, numExterior, colonia, estado, fechaInicio, fechaFin, especialidad, salarioVet, frecuencia, costoServicio, salarioCuid, horario, diaTrabajo, animalACargo, esVeterinario, esProveedor, esCuidador, esCliente) values (10722, 'Shanna', 'Lutton', 'Antoszczyk', 'Female', null, null, null, null, null, null, null, null, null, null, null, null, null, null, null, null, null, false, false, false, true);
insert into persona (idPersona, nombre, paterno, materno, genero, rfc, nacimiento, calle, numInterior, numExterior, colonia, estado, fechaInicio, fechaFin, especialidad, salarioVet, frecuencia, costoServicio, salarioCuid, horario, diaTrabajo, animalACargo, esVeterinario, esProveedor, esCuidador, esCliente) values (10723, 'Myron', 'Shaefer', 'Barkley', 'Male', null, null, null, null, null, null, null, null, null, null, null, null, null, null, null, null, null, false, false, false, true);
insert into persona (idPersona, nombre, paterno, materno, genero, rfc, nacimiento, calle, numInterior, numExterior, colonia, estado, fechaInicio, fechaFin, especialidad, salarioVet, frecuencia, costoServicio, salarioCuid, horario, diaTrabajo, animalACargo, esVeterinario, esProveedor, esCuidador, esCliente) values (10724, 'Bernete', 'Knightsbridge', 'Purslow', 'Female', null, null, null, null, null, null, null, null, null, null, null, null, null, null, null, null, null, false, false, false, true);
insert into persona (idPersona, nombre, paterno, materno, genero, rfc, nacimiento, calle, numInterior, numExterior, colonia, estado, fechaInicio, fechaFin, especialidad, salarioVet, frecuencia, costoServicio, salarioCuid, horario, diaTrabajo, animalACargo, esVeterinario, esProveedor, esCuidador, esCliente) values (10725, 'Toiboid', 'Meredyth', 'Hinnerk', 'Male', null, null, null, null, null, null, null, null, null, null, null, null, null, null, null, null, null, false, false, false, true);
insert into persona (idPersona, nombre, paterno, materno, genero, rfc, nacimiento, calle, numInterior, numExterior, colonia, estado, fechaInicio, fechaFin, especialidad, salarioVet, frecuencia, costoServicio, salarioCuid, horario, diaTrabajo, animalACargo, esVeterinario, esProveedor, esCuidador, esCliente) values (10726, 'Rodolfo', 'Pittendreigh', 'Heaford', 'Male', null, null, null, null, null, null, null, null, null, null, null, null, null, null, null, null, null, false, false, false, true);
insert into persona (idPersona, nombre, paterno, materno, genero, rfc, nacimiento, calle, numInterior, numExterior, colonia, estado, fechaInicio, fechaFin, especialidad, salarioVet, frecuencia, costoServicio, salarioCuid, horario, diaTrabajo, animalACargo, esVeterinario, esProveedor, esCuidador, esCliente) values (10727, 'Sol', 'Dunkerk', 'Mashal', 'Male', null, null, null, null, null, null, null, null, null, null, null, null, null, null, null, null, null, false, false, false, true);
insert into persona (idPersona, nombre, paterno, materno, genero, rfc, nacimiento, calle, numInterior, numExterior, colonia, estado, fechaInicio, fechaFin, especialidad, salarioVet, frecuencia, costoServicio, salarioCuid, horario, diaTrabajo, animalACargo, esVeterinario, esProveedor, esCuidador, esCliente) values (10728, 'Jeff', 'Rolin', 'Masey', 'Male', null, null, null, null, null, null, null, null, null, null, null, null, null, null, null, null, null, false, false, false, true);
insert into persona (idPersona, nombre, paterno, materno, genero, rfc, nacimiento, calle, numInterior, numExterior, colonia, estado, fechaInicio, fechaFin, especialidad, salarioVet, frecuencia, costoServicio, salarioCuid, horario, diaTrabajo, animalACargo, esVeterinario, esProveedor, esCuidador, esCliente) values (10729, 'Algernon', 'Mumby', 'Siggin', 'Male', null, null, null, null, null, null, null, null, null, null, null, null, null, null, null, null, null, false, false, false, true);
insert into persona (idPersona, nombre, paterno, materno, genero, rfc, nacimiento, calle, numInterior, numExterior, colonia, estado, fechaInicio, fechaFin, especialidad, salarioVet, frecuencia, costoServicio, salarioCuid, horario, diaTrabajo, animalACargo, esVeterinario, esProveedor, esCuidador, esCliente) values (10730, 'Kevan', 'O''Scanlan', 'Simmance', 'Male', null, null, null, null, null, null, null, null, null, null, null, null, null, null, null, null, null, false, false, false, true);
insert into persona (idPersona, nombre, paterno, materno, genero, rfc, nacimiento, calle, numInterior, numExterior, colonia, estado, fechaInicio, fechaFin, especialidad, salarioVet, frecuencia, costoServicio, salarioCuid, horario, diaTrabajo, animalACargo, esVeterinario, esProveedor, esCuidador, esCliente) values (10731, 'Yvonne', 'Burchett', 'Dorn', 'Female', null, null, null, null, null, null, null, null, null, null, null, null, null, null, null, null, null, false, false, false, true);
insert into persona (idPersona, nombre, paterno, materno, genero, rfc, nacimiento, calle, numInterior, numExterior, colonia, estado, fechaInicio, fechaFin, especialidad, salarioVet, frecuencia, costoServicio, salarioCuid, horario, diaTrabajo, animalACargo, esVeterinario, esProveedor, esCuidador, esCliente) values (10732, 'Everett', 'Feavyour', 'Duckering', 'Male', null, null, null, null, null, null, null, null, null, null, null, null, null, null, null, null, null, false, false, false, true);
insert into persona (idPersona, nombre, paterno, materno, genero, rfc, nacimiento, calle, numInterior, numExterior, colonia, estado, fechaInicio, fechaFin, especialidad, salarioVet, frecuencia, costoServicio, salarioCuid, horario, diaTrabajo, animalACargo, esVeterinario, esProveedor, esCuidador, esCliente) values (10733, 'Christean', 'Oldred', 'Stoddard', 'Female', null, null, null, null, null, null, null, null, null, null, null, null, null, null, null, null, null, false, false, false, true);
insert into persona (idPersona, nombre, paterno, materno, genero, rfc, nacimiento, calle, numInterior, numExterior, colonia, estado, fechaInicio, fechaFin, especialidad, salarioVet, frecuencia, costoServicio, salarioCuid, horario, diaTrabajo, animalACargo, esVeterinario, esProveedor, esCuidador, esCliente) values (10734, 'Ebba', 'Grinaway', 'Rochford', 'Female', null, null, null, null, null, null, null, null, null, null, null, null, null, null, null, null, null, false, false, false, true);
insert into persona (idPersona, nombre, paterno, materno, genero, rfc, nacimiento, calle, numInterior, numExterior, colonia, estado, fechaInicio, fechaFin, especialidad, salarioVet, frecuencia, costoServicio, salarioCuid, horario, diaTrabajo, animalACargo, esVeterinario, esProveedor, esCuidador, esCliente) values (10735, 'Jemimah', 'Brasener', 'Guerry', 'Female', null, null, null, null, null, null, null, null, null, null, null, null, null, null, null, null, null, false, false, false, true);
insert into persona (idPersona, nombre, paterno, materno, genero, rfc, nacimiento, calle, numInterior, numExterior, colonia, estado, fechaInicio, fechaFin, especialidad, salarioVet, frecuencia, costoServicio, salarioCuid, horario, diaTrabajo, animalACargo, esVeterinario, esProveedor, esCuidador, esCliente) values (10736, 'Emilie', 'Dawdry', 'Issitt', 'Female', null, null, null, null, null, null, null, null, null, null, null, null, null, null, null, null, null, false, false, false, true);
insert into persona (idPersona, nombre, paterno, materno, genero, rfc, nacimiento, calle, numInterior, numExterior, colonia, estado, fechaInicio, fechaFin, especialidad, salarioVet, frecuencia, costoServicio, salarioCuid, horario, diaTrabajo, animalACargo, esVeterinario, esProveedor, esCuidador, esCliente) values (10737, 'Elayne', 'Pullin', 'Ivanchov', 'Female', null, null, null, null, null, null, null, null, null, null, null, null, null, null, null, null, null, false, false, false, true);
insert into persona (idPersona, nombre, paterno, materno, genero, rfc, nacimiento, calle, numInterior, numExterior, colonia, estado, fechaInicio, fechaFin, especialidad, salarioVet, frecuencia, costoServicio, salarioCuid, horario, diaTrabajo, animalACargo, esVeterinario, esProveedor, esCuidador, esCliente) values (10738, 'Valentijn', 'Redihough', 'Haggard', 'Male', null, null, null, null, null, null, null, null, null, null, null, null, null, null, null, null, null, false, false, false, true);
insert into persona (idPersona, nombre, paterno, materno, genero, rfc, nacimiento, calle, numInterior, numExterior, colonia, estado, fechaInicio, fechaFin, especialidad, salarioVet, frecuencia, costoServicio, salarioCuid, horario, diaTrabajo, animalACargo, esVeterinario, esProveedor, esCuidador, esCliente) values (10739, 'Zebadiah', 'Toffolini', 'O''Heffernan', 'Non-binary', null, null, null, null, null, null, null, null, null, null, null, null, null, null, null, null, null, false, false, false, true);
insert into persona (idPersona, nombre, paterno, materno, genero, rfc, nacimiento, calle, numInterior, numExterior, colonia, estado, fechaInicio, fechaFin, especialidad, salarioVet, frecuencia, costoServicio, salarioCuid, horario, diaTrabajo, animalACargo, esVeterinario, esProveedor, esCuidador, esCliente) values (10740, 'Elicia', 'Oxtaby', 'Conkling', 'Female', null, null, null, null, null, null, null, null, null, null, null, null, null, null, null, null, null, false, false, false, true);
insert into persona (idPersona, nombre, paterno, materno, genero, rfc, nacimiento, calle, numInterior, numExterior, colonia, estado, fechaInicio, fechaFin, especialidad, salarioVet, frecuencia, costoServicio, salarioCuid, horario, diaTrabajo, animalACargo, esVeterinario, esProveedor, esCuidador, esCliente) values (10741, 'Hobart', 'Larret', 'Hutson', 'Male', null, null, null, null, null, null, null, null, null, null, null, null, null, null, null, null, null, false, false, false, true);
insert into persona (idPersona, nombre, paterno, materno, genero, rfc, nacimiento, calle, numInterior, numExterior, colonia, estado, fechaInicio, fechaFin, especialidad, salarioVet, frecuencia, costoServicio, salarioCuid, horario, diaTrabajo, animalACargo, esVeterinario, esProveedor, esCuidador, esCliente) values (10742, 'Izzy', 'Iannello', 'Renard', 'Male', null, null, null, null, null, null, null, null, null, null, null, null, null, null, null, null, null, false, false, false, true);
insert into persona (idPersona, nombre, paterno, materno, genero, rfc, nacimiento, calle, numInterior, numExterior, colonia, estado, fechaInicio, fechaFin, especialidad, salarioVet, frecuencia, costoServicio, salarioCuid, horario, diaTrabajo, animalACargo, esVeterinario, esProveedor, esCuidador, esCliente) values (10743, 'Jennette', 'Inde', 'Isselee', 'Female', null, null, null, null, null, null, null, null, null, null, null, null, null, null, null, null, null, false, false, false, true);
insert into persona (idPersona, nombre, paterno, materno, genero, rfc, nacimiento, calle, numInterior, numExterior, colonia, estado, fechaInicio, fechaFin, especialidad, salarioVet, frecuencia, costoServicio, salarioCuid, horario, diaTrabajo, animalACargo, esVeterinario, esProveedor, esCuidador, esCliente) values (10744, 'Henrie', 'Shingfield', 'Cock', 'Female', null, null, null, null, null, null, null, null, null, null, null, null, null, null, null, null, null, false, false, false, true);
insert into persona (idPersona, nombre, paterno, materno, genero, rfc, nacimiento, calle, numInterior, numExterior, colonia, estado, fechaInicio, fechaFin, especialidad, salarioVet, frecuencia, costoServicio, salarioCuid, horario, diaTrabajo, animalACargo, esVeterinario, esProveedor, esCuidador, esCliente) values (10745, 'Wittie', 'Imbrey', 'Reynish', 'Male', null, null, null, null, null, null, null, null, null, null, null, null, null, null, null, null, null, false, false, false, true);
insert into persona (idPersona, nombre, paterno, materno, genero, rfc, nacimiento, calle, numInterior, numExterior, colonia, estado, fechaInicio, fechaFin, especialidad, salarioVet, frecuencia, costoServicio, salarioCuid, horario, diaTrabajo, animalACargo, esVeterinario, esProveedor, esCuidador, esCliente) values (10746, 'Florian', 'Shailer', 'Antram', 'Male', null, null, null, null, null, null, null, null, null, null, null, null, null, null, null, null, null, false, false, false, true);
insert into persona (idPersona, nombre, paterno, materno, genero, rfc, nacimiento, calle, numInterior, numExterior, colonia, estado, fechaInicio, fechaFin, especialidad, salarioVet, frecuencia, costoServicio, salarioCuid, horario, diaTrabajo, animalACargo, esVeterinario, esProveedor, esCuidador, esCliente) values (10747, 'Aida', 'Fawson', 'Aiston', 'Female', null, null, null, null, null, null, null, null, null, null, null, null, null, null, null, null, null, false, false, false, true);
insert into persona (idPersona, nombre, paterno, materno, genero, rfc, nacimiento, calle, numInterior, numExterior, colonia, estado, fechaInicio, fechaFin, especialidad, salarioVet, frecuencia, costoServicio, salarioCuid, horario, diaTrabajo, animalACargo, esVeterinario, esProveedor, esCuidador, esCliente) values (10748, 'Patty', 'Manders', 'Bolle', 'Male', null, null, null, null, null, null, null, null, null, null, null, null, null, null, null, null, null, false, false, false, true);
insert into persona (idPersona, nombre, paterno, materno, genero, rfc, nacimiento, calle, numInterior, numExterior, colonia, estado, fechaInicio, fechaFin, especialidad, salarioVet, frecuencia, costoServicio, salarioCuid, horario, diaTrabajo, animalACargo, esVeterinario, esProveedor, esCuidador, esCliente) values (10749, 'Alex', 'Tuer', 'Pellant', 'Female', null, null, null, null, null, null, null, null, null, null, null, null, null, null, null, null, null, false, false, false, true);
insert into persona (idPersona, nombre, paterno, materno, genero, rfc, nacimiento, calle, numInterior, numExterior, colonia, estado, fechaInicio, fechaFin, especialidad, salarioVet, frecuencia, costoServicio, salarioCuid, horario, diaTrabajo, animalACargo, esVeterinario, esProveedor, esCuidador, esCliente) values (10750, 'Geordie', 'Winsiowiecki', 'Tunaclift', 'Male', null, null, null, null, null, null, null, null, null, null, null, null, null, null, null, null, null, false, false, false, true);
insert into persona (idPersona, nombre, paterno, materno, genero, rfc, nacimiento, calle, numInterior, numExterior, colonia, estado, fechaInicio, fechaFin, especialidad, salarioVet, frecuencia, costoServicio, salarioCuid, horario, diaTrabajo, animalACargo, esVeterinario, esProveedor, esCuidador, esCliente) values (10751, 'Amber', 'Fraczak', 'Napolitano', 'Female', null, null, null, null, null, null, null, null, null, null, null, null, null, null, null, null, null, false, false, false, true);
insert into persona (idPersona, nombre, paterno, materno, genero, rfc, nacimiento, calle, numInterior, numExterior, colonia, estado, fechaInicio, fechaFin, especialidad, salarioVet, frecuencia, costoServicio, salarioCuid, horario, diaTrabajo, animalACargo, esVeterinario, esProveedor, esCuidador, esCliente) values (10752, 'Lemar', 'Halmkin', 'Allnatt', 'Male', null, null, null, null, null, null, null, null, null, null, null, null, null, null, null, null, null, false, false, false, true);
insert into persona (idPersona, nombre, paterno, materno, genero, rfc, nacimiento, calle, numInterior, numExterior, colonia, estado, fechaInicio, fechaFin, especialidad, salarioVet, frecuencia, costoServicio, salarioCuid, horario, diaTrabajo, animalACargo, esVeterinario, esProveedor, esCuidador, esCliente) values (10753, 'Erastus', 'Bedells', 'Hanbury-Brown', 'Male', null, null, null, null, null, null, null, null, null, null, null, null, null, null, null, null, null, false, false, false, true);
insert into persona (idPersona, nombre, paterno, materno, genero, rfc, nacimiento, calle, numInterior, numExterior, colonia, estado, fechaInicio, fechaFin, especialidad, salarioVet, frecuencia, costoServicio, salarioCuid, horario, diaTrabajo, animalACargo, esVeterinario, esProveedor, esCuidador, esCliente) values (10754, 'Hilario', 'Gley', 'Spraggon', 'Male', null, null, null, null, null, null, null, null, null, null, null, null, null, null, null, null, null, false, false, false, true);
insert into persona (idPersona, nombre, paterno, materno, genero, rfc, nacimiento, calle, numInterior, numExterior, colonia, estado, fechaInicio, fechaFin, especialidad, salarioVet, frecuencia, costoServicio, salarioCuid, horario, diaTrabajo, animalACargo, esVeterinario, esProveedor, esCuidador, esCliente) values (10755, 'Dominik', 'Turnell', 'Beesey', 'Male', null, null, null, null, null, null, null, null, null, null, null, null, null, null, null, null, null, false, false, false, true);
insert into persona (idPersona, nombre, paterno, materno, genero, rfc, nacimiento, calle, numInterior, numExterior, colonia, estado, fechaInicio, fechaFin, especialidad, salarioVet, frecuencia, costoServicio, salarioCuid, horario, diaTrabajo, animalACargo, esVeterinario, esProveedor, esCuidador, esCliente) values (10756, 'Matthiew', 'Stolz', 'Krystof', 'Male', null, null, null, null, null, null, null, null, null, null, null, null, null, null, null, null, null, false, false, false, true);
insert into persona (idPersona, nombre, paterno, materno, genero, rfc, nacimiento, calle, numInterior, numExterior, colonia, estado, fechaInicio, fechaFin, especialidad, salarioVet, frecuencia, costoServicio, salarioCuid, horario, diaTrabajo, animalACargo, esVeterinario, esProveedor, esCuidador, esCliente) values (10757, 'Tarrah', 'Huddy', 'Crosoer', 'Female', null, null, null, null, null, null, null, null, null, null, null, null, null, null, null, null, null, false, false, false, true);
insert into persona (idPersona, nombre, paterno, materno, genero, rfc, nacimiento, calle, numInterior, numExterior, colonia, estado, fechaInicio, fechaFin, especialidad, salarioVet, frecuencia, costoServicio, salarioCuid, horario, diaTrabajo, animalACargo, esVeterinario, esProveedor, esCuidador, esCliente) values (10758, 'Alyosha', 'Kipling', 'Heisham', 'Male', null, null, null, null, null, null, null, null, null, null, null, null, null, null, null, null, null, false, false, false, true);
insert into persona (idPersona, nombre, paterno, materno, genero, rfc, nacimiento, calle, numInterior, numExterior, colonia, estado, fechaInicio, fechaFin, especialidad, salarioVet, frecuencia, costoServicio, salarioCuid, horario, diaTrabajo, animalACargo, esVeterinario, esProveedor, esCuidador, esCliente) values (10759, 'Jillana', 'Blowfelde', 'Rudall', 'Female', null, null, null, null, null, null, null, null, null, null, null, null, null, null, null, null, null, false, false, false, true);
insert into persona (idPersona, nombre, paterno, materno, genero, rfc, nacimiento, calle, numInterior, numExterior, colonia, estado, fechaInicio, fechaFin, especialidad, salarioVet, frecuencia, costoServicio, salarioCuid, horario, diaTrabajo, animalACargo, esVeterinario, esProveedor, esCuidador, esCliente) values (10760, 'Jaine', 'Livzey', 'Toppes', 'Female', null, null, null, null, null, null, null, null, null, null, null, null, null, null, null, null, null, false, false, false, true);
insert into persona (idPersona, nombre, paterno, materno, genero, rfc, nacimiento, calle, numInterior, numExterior, colonia, estado, fechaInicio, fechaFin, especialidad, salarioVet, frecuencia, costoServicio, salarioCuid, horario, diaTrabajo, animalACargo, esVeterinario, esProveedor, esCuidador, esCliente) values (10761, 'Blondell', 'Robardet', 'Stebbins', 'Female', null, null, null, null, null, null, null, null, null, null, null, null, null, null, null, null, null, false, false, false, true);
insert into persona (idPersona, nombre, paterno, materno, genero, rfc, nacimiento, calle, numInterior, numExterior, colonia, estado, fechaInicio, fechaFin, especialidad, salarioVet, frecuencia, costoServicio, salarioCuid, horario, diaTrabajo, animalACargo, esVeterinario, esProveedor, esCuidador, esCliente) values (10762, 'Hershel', 'McElrath', 'Hartas', 'Male', null, null, null, null, null, null, null, null, null, null, null, null, null, null, null, null, null, false, false, false, true);
insert into persona (idPersona, nombre, paterno, materno, genero, rfc, nacimiento, calle, numInterior, numExterior, colonia, estado, fechaInicio, fechaFin, especialidad, salarioVet, frecuencia, costoServicio, salarioCuid, horario, diaTrabajo, animalACargo, esVeterinario, esProveedor, esCuidador, esCliente) values (10763, 'Alissa', 'Udy', 'Finlaison', 'Female', null, null, null, null, null, null, null, null, null, null, null, null, null, null, null, null, null, false, false, false, true);
insert into persona (idPersona, nombre, paterno, materno, genero, rfc, nacimiento, calle, numInterior, numExterior, colonia, estado, fechaInicio, fechaFin, especialidad, salarioVet, frecuencia, costoServicio, salarioCuid, horario, diaTrabajo, animalACargo, esVeterinario, esProveedor, esCuidador, esCliente) values (10764, 'Aristotle', 'Skippen', 'Strippel', 'Male', null, null, null, null, null, null, null, null, null, null, null, null, null, null, null, null, null, false, false, false, true);
insert into persona (idPersona, nombre, paterno, materno, genero, rfc, nacimiento, calle, numInterior, numExterior, colonia, estado, fechaInicio, fechaFin, especialidad, salarioVet, frecuencia, costoServicio, salarioCuid, horario, diaTrabajo, animalACargo, esVeterinario, esProveedor, esCuidador, esCliente) values (10765, 'Bondie', 'Scotchforth', 'Dewes', 'Male', null, null, null, null, null, null, null, null, null, null, null, null, null, null, null, null, null, false, false, false, true);
insert into persona (idPersona, nombre, paterno, materno, genero, rfc, nacimiento, calle, numInterior, numExterior, colonia, estado, fechaInicio, fechaFin, especialidad, salarioVet, frecuencia, costoServicio, salarioCuid, horario, diaTrabajo, animalACargo, esVeterinario, esProveedor, esCuidador, esCliente) values (10766, 'Edy', 'Simoens', 'Clyant', 'Female', null, null, null, null, null, null, null, null, null, null, null, null, null, null, null, null, null, false, false, false, true);
insert into persona (idPersona, nombre, paterno, materno, genero, rfc, nacimiento, calle, numInterior, numExterior, colonia, estado, fechaInicio, fechaFin, especialidad, salarioVet, frecuencia, costoServicio, salarioCuid, horario, diaTrabajo, animalACargo, esVeterinario, esProveedor, esCuidador, esCliente) values (10767, 'Hatty', 'Hambling', 'Elven', 'Female', null, null, null, null, null, null, null, null, null, null, null, null, null, null, null, null, null, false, false, false, true);
insert into persona (idPersona, nombre, paterno, materno, genero, rfc, nacimiento, calle, numInterior, numExterior, colonia, estado, fechaInicio, fechaFin, especialidad, salarioVet, frecuencia, costoServicio, salarioCuid, horario, diaTrabajo, animalACargo, esVeterinario, esProveedor, esCuidador, esCliente) values (10768, 'Lou', 'Hare', 'Holby', 'Male', null, null, null, null, null, null, null, null, null, null, null, null, null, null, null, null, null, false, false, false, true);
insert into persona (idPersona, nombre, paterno, materno, genero, rfc, nacimiento, calle, numInterior, numExterior, colonia, estado, fechaInicio, fechaFin, especialidad, salarioVet, frecuencia, costoServicio, salarioCuid, horario, diaTrabajo, animalACargo, esVeterinario, esProveedor, esCuidador, esCliente) values (10769, 'Valeda', 'Honeywood', 'Vickress', 'Female', null, null, null, null, null, null, null, null, null, null, null, null, null, null, null, null, null, false, false, false, true);
insert into persona (idPersona, nombre, paterno, materno, genero, rfc, nacimiento, calle, numInterior, numExterior, colonia, estado, fechaInicio, fechaFin, especialidad, salarioVet, frecuencia, costoServicio, salarioCuid, horario, diaTrabajo, animalACargo, esVeterinario, esProveedor, esCuidador, esCliente) values (10770, 'Kira', 'Gerner', 'Rodenburg', 'Female', null, null, null, null, null, null, null, null, null, null, null, null, null, null, null, null, null, false, false, false, true);
insert into persona (idPersona, nombre, paterno, materno, genero, rfc, nacimiento, calle, numInterior, numExterior, colonia, estado, fechaInicio, fechaFin, especialidad, salarioVet, frecuencia, costoServicio, salarioCuid, horario, diaTrabajo, animalACargo, esVeterinario, esProveedor, esCuidador, esCliente) values (10771, 'Orelle', 'O''Currine', 'Duquesnay', 'Female', null, null, null, null, null, null, null, null, null, null, null, null, null, null, null, null, null, false, false, false, true);
insert into persona (idPersona, nombre, paterno, materno, genero, rfc, nacimiento, calle, numInterior, numExterior, colonia, estado, fechaInicio, fechaFin, especialidad, salarioVet, frecuencia, costoServicio, salarioCuid, horario, diaTrabajo, animalACargo, esVeterinario, esProveedor, esCuidador, esCliente) values (10772, 'Lynnette', 'Geane', 'Mahy', 'Female', null, null, null, null, null, null, null, null, null, null, null, null, null, null, null, null, null, false, false, false, true);
insert into persona (idPersona, nombre, paterno, materno, genero, rfc, nacimiento, calle, numInterior, numExterior, colonia, estado, fechaInicio, fechaFin, especialidad, salarioVet, frecuencia, costoServicio, salarioCuid, horario, diaTrabajo, animalACargo, esVeterinario, esProveedor, esCuidador, esCliente) values (10773, 'Bartolemo', 'Pendlenton', 'Peat', 'Male', null, null, null, null, null, null, null, null, null, null, null, null, null, null, null, null, null, false, false, false, true);
insert into persona (idPersona, nombre, paterno, materno, genero, rfc, nacimiento, calle, numInterior, numExterior, colonia, estado, fechaInicio, fechaFin, especialidad, salarioVet, frecuencia, costoServicio, salarioCuid, horario, diaTrabajo, animalACargo, esVeterinario, esProveedor, esCuidador, esCliente) values (10774, 'Euphemia', 'Bannister', 'Ketton', 'Female', null, null, null, null, null, null, null, null, null, null, null, null, null, null, null, null, null, false, false, false, true);
insert into persona (idPersona, nombre, paterno, materno, genero, rfc, nacimiento, calle, numInterior, numExterior, colonia, estado, fechaInicio, fechaFin, especialidad, salarioVet, frecuencia, costoServicio, salarioCuid, horario, diaTrabajo, animalACargo, esVeterinario, esProveedor, esCuidador, esCliente) values (10775, 'Jonathon', 'Guilloux', 'Camois', 'Male', null, null, null, null, null, null, null, null, null, null, null, null, null, null, null, null, null, false, false, false, true);
insert into persona (idPersona, nombre, paterno, materno, genero, rfc, nacimiento, calle, numInterior, numExterior, colonia, estado, fechaInicio, fechaFin, especialidad, salarioVet, frecuencia, costoServicio, salarioCuid, horario, diaTrabajo, animalACargo, esVeterinario, esProveedor, esCuidador, esCliente) values (10776, 'Isidore', 'Malkin', 'Albinson', 'Male', null, null, null, null, null, null, null, null, null, null, null, null, null, null, null, null, null, false, false, false, true);
insert into persona (idPersona, nombre, paterno, materno, genero, rfc, nacimiento, calle, numInterior, numExterior, colonia, estado, fechaInicio, fechaFin, especialidad, salarioVet, frecuencia, costoServicio, salarioCuid, horario, diaTrabajo, animalACargo, esVeterinario, esProveedor, esCuidador, esCliente) values (10777, 'Harriette', 'Lippingwell', 'Algy', 'Female', null, null, null, null, null, null, null, null, null, null, null, null, null, null, null, null, null, false, false, false, true);
insert into persona (idPersona, nombre, paterno, materno, genero, rfc, nacimiento, calle, numInterior, numExterior, colonia, estado, fechaInicio, fechaFin, especialidad, salarioVet, frecuencia, costoServicio, salarioCuid, horario, diaTrabajo, animalACargo, esVeterinario, esProveedor, esCuidador, esCliente) values (10778, 'Hewett', 'Scanlon', 'Skehens', 'Male', null, null, null, null, null, null, null, null, null, null, null, null, null, null, null, null, null, false, false, false, true);
insert into persona (idPersona, nombre, paterno, materno, genero, rfc, nacimiento, calle, numInterior, numExterior, colonia, estado, fechaInicio, fechaFin, especialidad, salarioVet, frecuencia, costoServicio, salarioCuid, horario, diaTrabajo, animalACargo, esVeterinario, esProveedor, esCuidador, esCliente) values (10779, 'Raddie', 'Seiler', 'Loughhead', 'Male', null, null, null, null, null, null, null, null, null, null, null, null, null, null, null, null, null, false, false, false, true);
insert into persona (idPersona, nombre, paterno, materno, genero, rfc, nacimiento, calle, numInterior, numExterior, colonia, estado, fechaInicio, fechaFin, especialidad, salarioVet, frecuencia, costoServicio, salarioCuid, horario, diaTrabajo, animalACargo, esVeterinario, esProveedor, esCuidador, esCliente) values (10780, 'Kenny', 'Nunes Nabarro', 'Scudders', 'Bigender', null, null, null, null, null, null, null, null, null, null, null, null, null, null, null, null, null, false, false, false, true);
insert into persona (idPersona, nombre, paterno, materno, genero, rfc, nacimiento, calle, numInterior, numExterior, colonia, estado, fechaInicio, fechaFin, especialidad, salarioVet, frecuencia, costoServicio, salarioCuid, horario, diaTrabajo, animalACargo, esVeterinario, esProveedor, esCuidador, esCliente) values (10781, 'Shayna', 'Iltchev', 'Odams', 'Female', null, null, null, null, null, null, null, null, null, null, null, null, null, null, null, null, null, false, false, false, true);
insert into persona (idPersona, nombre, paterno, materno, genero, rfc, nacimiento, calle, numInterior, numExterior, colonia, estado, fechaInicio, fechaFin, especialidad, salarioVet, frecuencia, costoServicio, salarioCuid, horario, diaTrabajo, animalACargo, esVeterinario, esProveedor, esCuidador, esCliente) values (10782, 'Nickie', 'Kerfoot', 'Fellgatt', 'Female', null, null, null, null, null, null, null, null, null, null, null, null, null, null, null, null, null, false, false, false, true);
insert into persona (idPersona, nombre, paterno, materno, genero, rfc, nacimiento, calle, numInterior, numExterior, colonia, estado, fechaInicio, fechaFin, especialidad, salarioVet, frecuencia, costoServicio, salarioCuid, horario, diaTrabajo, animalACargo, esVeterinario, esProveedor, esCuidador, esCliente) values (10783, 'Alonzo', 'Haslock(e)', 'Mathers', 'Male', null, null, null, null, null, null, null, null, null, null, null, null, null, null, null, null, null, false, false, false, true);
insert into persona (idPersona, nombre, paterno, materno, genero, rfc, nacimiento, calle, numInterior, numExterior, colonia, estado, fechaInicio, fechaFin, especialidad, salarioVet, frecuencia, costoServicio, salarioCuid, horario, diaTrabajo, animalACargo, esVeterinario, esProveedor, esCuidador, esCliente) values (10784, 'Kleon', 'Krahl', 'Cuberley', 'Male', null, null, null, null, null, null, null, null, null, null, null, null, null, null, null, null, null, false, false, false, true);
insert into persona (idPersona, nombre, paterno, materno, genero, rfc, nacimiento, calle, numInterior, numExterior, colonia, estado, fechaInicio, fechaFin, especialidad, salarioVet, frecuencia, costoServicio, salarioCuid, horario, diaTrabajo, animalACargo, esVeterinario, esProveedor, esCuidador, esCliente) values (10785, 'Salem', 'Lockyear', 'Colquhoun', 'Male', null, null, null, null, null, null, null, null, null, null, null, null, null, null, null, null, null, false, false, false, true);
insert into persona (idPersona, nombre, paterno, materno, genero, rfc, nacimiento, calle, numInterior, numExterior, colonia, estado, fechaInicio, fechaFin, especialidad, salarioVet, frecuencia, costoServicio, salarioCuid, horario, diaTrabajo, animalACargo, esVeterinario, esProveedor, esCuidador, esCliente) values (10786, 'Elle', 'Bryns', 'Killelea', 'Agender', null, null, null, null, null, null, null, null, null, null, null, null, null, null, null, null, null, false, false, false, true);
insert into persona (idPersona, nombre, paterno, materno, genero, rfc, nacimiento, calle, numInterior, numExterior, colonia, estado, fechaInicio, fechaFin, especialidad, salarioVet, frecuencia, costoServicio, salarioCuid, horario, diaTrabajo, animalACargo, esVeterinario, esProveedor, esCuidador, esCliente) values (10787, 'Tildi', 'Gruczka', 'Murcott', 'Female', null, null, null, null, null, null, null, null, null, null, null, null, null, null, null, null, null, false, false, false, true);
insert into persona (idPersona, nombre, paterno, materno, genero, rfc, nacimiento, calle, numInterior, numExterior, colonia, estado, fechaInicio, fechaFin, especialidad, salarioVet, frecuencia, costoServicio, salarioCuid, horario, diaTrabajo, animalACargo, esVeterinario, esProveedor, esCuidador, esCliente) values (10788, 'Dory', 'Ollet', 'Bulfit', 'Female', null, null, null, null, null, null, null, null, null, null, null, null, null, null, null, null, null, false, false, false, true);
insert into persona (idPersona, nombre, paterno, materno, genero, rfc, nacimiento, calle, numInterior, numExterior, colonia, estado, fechaInicio, fechaFin, especialidad, salarioVet, frecuencia, costoServicio, salarioCuid, horario, diaTrabajo, animalACargo, esVeterinario, esProveedor, esCuidador, esCliente) values (10789, 'Dede', 'Ellerington', 'Reinbach', 'Female', null, null, null, null, null, null, null, null, null, null, null, null, null, null, null, null, null, false, false, false, true);
insert into persona (idPersona, nombre, paterno, materno, genero, rfc, nacimiento, calle, numInterior, numExterior, colonia, estado, fechaInicio, fechaFin, especialidad, salarioVet, frecuencia, costoServicio, salarioCuid, horario, diaTrabajo, animalACargo, esVeterinario, esProveedor, esCuidador, esCliente) values (10790, 'Vivia', 'Simko', 'Bertholin', 'Female', null, null, null, null, null, null, null, null, null, null, null, null, null, null, null, null, null, false, false, false, true);
insert into persona (idPersona, nombre, paterno, materno, genero, rfc, nacimiento, calle, numInterior, numExterior, colonia, estado, fechaInicio, fechaFin, especialidad, salarioVet, frecuencia, costoServicio, salarioCuid, horario, diaTrabajo, animalACargo, esVeterinario, esProveedor, esCuidador, esCliente) values (10791, 'Rancell', 'Winkless', 'Markie', 'Male', null, null, null, null, null, null, null, null, null, null, null, null, null, null, null, null, null, false, false, false, true);
insert into persona (idPersona, nombre, paterno, materno, genero, rfc, nacimiento, calle, numInterior, numExterior, colonia, estado, fechaInicio, fechaFin, especialidad, salarioVet, frecuencia, costoServicio, salarioCuid, horario, diaTrabajo, animalACargo, esVeterinario, esProveedor, esCuidador, esCliente) values (10792, 'Reamonn', 'Adrain', 'Wytchard', 'Male', null, null, null, null, null, null, null, null, null, null, null, null, null, null, null, null, null, false, false, false, true);
insert into persona (idPersona, nombre, paterno, materno, genero, rfc, nacimiento, calle, numInterior, numExterior, colonia, estado, fechaInicio, fechaFin, especialidad, salarioVet, frecuencia, costoServicio, salarioCuid, horario, diaTrabajo, animalACargo, esVeterinario, esProveedor, esCuidador, esCliente) values (10793, 'Brady', 'Prewer', 'Pozzi', 'Male', null, null, null, null, null, null, null, null, null, null, null, null, null, null, null, null, null, false, false, false, true);
insert into persona (idPersona, nombre, paterno, materno, genero, rfc, nacimiento, calle, numInterior, numExterior, colonia, estado, fechaInicio, fechaFin, especialidad, salarioVet, frecuencia, costoServicio, salarioCuid, horario, diaTrabajo, animalACargo, esVeterinario, esProveedor, esCuidador, esCliente) values (10794, 'Cecile', 'Sessions', 'Henrichsen', 'Female', null, null, null, null, null, null, null, null, null, null, null, null, null, null, null, null, null, false, false, false, true);
insert into persona (idPersona, nombre, paterno, materno, genero, rfc, nacimiento, calle, numInterior, numExterior, colonia, estado, fechaInicio, fechaFin, especialidad, salarioVet, frecuencia, costoServicio, salarioCuid, horario, diaTrabajo, animalACargo, esVeterinario, esProveedor, esCuidador, esCliente) values (10795, 'Annette', 'Endersby', 'Popplestone', 'Female', null, null, null, null, null, null, null, null, null, null, null, null, null, null, null, null, null, false, false, false, true);
insert into persona (idPersona, nombre, paterno, materno, genero, rfc, nacimiento, calle, numInterior, numExterior, colonia, estado, fechaInicio, fechaFin, especialidad, salarioVet, frecuencia, costoServicio, salarioCuid, horario, diaTrabajo, animalACargo, esVeterinario, esProveedor, esCuidador, esCliente) values (10796, 'Arabele', 'Dossett', 'Hugonnet', 'Female', null, null, null, null, null, null, null, null, null, null, null, null, null, null, null, null, null, false, false, false, true);
insert into persona (idPersona, nombre, paterno, materno, genero, rfc, nacimiento, calle, numInterior, numExterior, colonia, estado, fechaInicio, fechaFin, especialidad, salarioVet, frecuencia, costoServicio, salarioCuid, horario, diaTrabajo, animalACargo, esVeterinario, esProveedor, esCuidador, esCliente) values (10797, 'Rolph', 'Blueman', 'Gillooly', 'Male', null, null, null, null, null, null, null, null, null, null, null, null, null, null, null, null, null, false, false, false, true);
insert into persona (idPersona, nombre, paterno, materno, genero, rfc, nacimiento, calle, numInterior, numExterior, colonia, estado, fechaInicio, fechaFin, especialidad, salarioVet, frecuencia, costoServicio, salarioCuid, horario, diaTrabajo, animalACargo, esVeterinario, esProveedor, esCuidador, esCliente) values (10798, 'Ricky', 'Martell', 'Croney', 'Female', null, null, null, null, null, null, null, null, null, null, null, null, null, null, null, null, null, false, false, false, true);
insert into persona (idPersona, nombre, paterno, materno, genero, rfc, nacimiento, calle, numInterior, numExterior, colonia, estado, fechaInicio, fechaFin, especialidad, salarioVet, frecuencia, costoServicio, salarioCuid, horario, diaTrabajo, animalACargo, esVeterinario, esProveedor, esCuidador, esCliente) values (10799, 'Sully', 'Spitaro', 'McClory', 'Male', null, null, null, null, null, null, null, null, null, null, null, null, null, null, null, null, null, false, false, false, true);

-- evento 
insert into evento (idEvento, fecha, tipo, capacidad) values (3000, '2024-08-11', 'recaudacion de fondos', 179);
insert into evento (idEvento, fecha, tipo, capacidad) values (3001, '2024-05-19', 'recaudacion de fondos', 297);
insert into evento (idEvento, fecha, tipo, capacidad) values (3002, '2024-05-25', 'academico', 142);
insert into evento (idEvento, fecha, tipo, capacidad) values (3003, '2024-02-21', 'academico', 156);
insert into evento (idEvento, fecha, tipo, capacidad) values (3004, '2023-12-16', 'infantil', 253);
insert into evento (idEvento, fecha, tipo, capacidad) values (3005, '2024-11-06', 'recaudacion de fondos', 98);
insert into evento (idEvento, fecha, tipo, capacidad) values (3006, '2024-01-05', 'academico', 63);
insert into evento (idEvento, fecha, tipo, capacidad) values (3007, '2024-03-14', 'dias festivos', 224);
insert into evento (idEvento, fecha, tipo, capacidad) values (3008, '2024-09-17', 'social', 245);
insert into evento (idEvento, fecha, tipo, capacidad) values (3009, '2024-08-30', 'social', 292);
insert into evento (idEvento, fecha, tipo, capacidad) values (3010, '2024-01-19', 'social', 159);
insert into evento (idEvento, fecha, tipo, capacidad) values (3011, '2024-06-29', 'recaudacion de fondos', 239);
insert into evento (idEvento, fecha, tipo, capacidad) values (3012, '2024-06-10', 'recaudacion de fondos', 268);
insert into evento (idEvento, fecha, tipo, capacidad) values (3013, '2024-07-04', 'escolar', 208);
insert into evento (idEvento, fecha, tipo, capacidad) values (3014, '2024-12-07', 'escolar', 253);
insert into evento (idEvento, fecha, tipo, capacidad) values (3015, '2024-11-23', 'dias festivos', 139);
insert into evento (idEvento, fecha, tipo, capacidad) values (3016, '2024-12-06', 'escolar', 161);
insert into evento (idEvento, fecha, tipo, capacidad) values (3017, '2024-10-08', 'social', 104);
insert into evento (idEvento, fecha, tipo, capacidad) values (3018, '2024-07-02', 'academico', 207);
insert into evento (idEvento, fecha, tipo, capacidad) values (3019, '2024-11-20', 'infantil', 113);
insert into evento (idEvento, fecha, tipo, capacidad) values (3020, '2024-01-12', 'infantil', 154);
insert into evento (idEvento, fecha, tipo, capacidad) values (3021, '2024-01-14', 'recaudacion de fondos', 146);
insert into evento (idEvento, fecha, tipo, capacidad) values (3022, '2024-02-05', 'dias festivos', 232);
insert into evento (idEvento, fecha, tipo, capacidad) values (3023, '2024-09-04', 'infantil', 156);
insert into evento (idEvento, fecha, tipo, capacidad) values (3024, '2024-09-24', 'recaudacion de fondos', 95);
insert into evento (idEvento, fecha, tipo, capacidad) values (3025, '2024-11-22', 'social', 193);
insert into evento (idEvento, fecha, tipo, capacidad) values (3026, '2024-06-01', 'academico', 111);
insert into evento (idEvento, fecha, tipo, capacidad) values (3027, '2024-08-20', 'infantil', 224);
insert into evento (idEvento, fecha, tipo, capacidad) values (3028, '2024-05-04', 'infantil', 109);
insert into evento (idEvento, fecha, tipo, capacidad) values (3029, '2024-11-21', 'academico', 65);
insert into evento (idEvento, fecha, tipo, capacidad) values (3030, '2024-06-07', 'academico', 138);
insert into evento (idEvento, fecha, tipo, capacidad) values (3031, '2024-03-03', 'infantil', 217);
insert into evento (idEvento, fecha, tipo, capacidad) values (3032, '2024-04-05', 'social', 292);
insert into evento (idEvento, fecha, tipo, capacidad) values (3033, '2024-04-27', 'academico', 197);
insert into evento (idEvento, fecha, tipo, capacidad) values (3034, '2024-10-16', 'recaudacion de fondos', 244);
insert into evento (idEvento, fecha, tipo, capacidad) values (3035, '2024-05-13', 'infantil', 139);
insert into evento (idEvento, fecha, tipo, capacidad) values (3036, '2023-12-13', 'escolar', 267);
insert into evento (idEvento, fecha, tipo, capacidad) values (3037, '2024-06-17', 'escolar', 65);
insert into evento (idEvento, fecha, tipo, capacidad) values (3038, '2024-04-28', 'dias festivos', 63);
insert into evento (idEvento, fecha, tipo, capacidad) values (3039, '2024-06-17', 'social', 76);
insert into evento (idEvento, fecha, tipo, capacidad) values (3040, '2023-12-25', 'escolar', 168);
insert into evento (idEvento, fecha, tipo, capacidad) values (3041, '2024-02-18', 'academico', 185);
insert into evento (idEvento, fecha, tipo, capacidad) values (3042, '2023-12-10', 'escolar', 125);
insert into evento (idEvento, fecha, tipo, capacidad) values (3043, '2023-12-11', 'infantil', 80);
insert into evento (idEvento, fecha, tipo, capacidad) values (3044, '2024-07-16', 'dias festivos', 134);
insert into evento (idEvento, fecha, tipo, capacidad) values (3045, '2024-03-04', 'social', 182);
insert into evento (idEvento, fecha, tipo, capacidad) values (3046, '2024-07-27', 'dias festivos', 182);
insert into evento (idEvento, fecha, tipo, capacidad) values (3047, '2024-12-02', 'infantil', 94);
insert into evento (idEvento, fecha, tipo, capacidad) values (3048, '2024-10-19', 'dias festivos', 63);
insert into evento (idEvento, fecha, tipo, capacidad) values (3049, '2024-03-20', 'recaudacion de fondos', 250);
insert into evento (idEvento, fecha, tipo, capacidad) values (3050, '2024-06-06', 'social', 187);
insert into evento (idEvento, fecha, tipo, capacidad) values (3051, '2024-12-06', 'escolar', 89);
insert into evento (idEvento, fecha, tipo, capacidad) values (3052, '2024-09-08', 'social', 71);
insert into evento (idEvento, fecha, tipo, capacidad) values (3053, '2024-03-20', 'infantil', 108);
insert into evento (idEvento, fecha, tipo, capacidad) values (3054, '2024-06-12', 'infantil', 296);
insert into evento (idEvento, fecha, tipo, capacidad) values (3055, '2023-12-27', 'infantil', 191);
insert into evento (idEvento, fecha, tipo, capacidad) values (3056, '2024-09-13', 'social', 237);
insert into evento (idEvento, fecha, tipo, capacidad) values (3057, '2024-11-10', 'academico', 213);
insert into evento (idEvento, fecha, tipo, capacidad) values (3058, '2024-03-28', 'academico', 282);
insert into evento (idEvento, fecha, tipo, capacidad) values (3059, '2024-07-12', 'dias festivos', 161);
insert into evento (idEvento, fecha, tipo, capacidad) values (3060, '2024-08-04', 'dias festivos', 117);
insert into evento (idEvento, fecha, tipo, capacidad) values (3061, '2024-05-06', 'dias festivos', 226);
insert into evento (idEvento, fecha, tipo, capacidad) values (3062, '2024-06-20', 'social', 140);
insert into evento (idEvento, fecha, tipo, capacidad) values (3063, '2024-07-01', 'dias festivos', 266);
insert into evento (idEvento, fecha, tipo, capacidad) values (3064, '2024-08-25', 'infantil', 76);
insert into evento (idEvento, fecha, tipo, capacidad) values (3065, '2024-03-06', 'escolar', 288);
insert into evento (idEvento, fecha, tipo, capacidad) values (3066, '2024-04-23', 'escolar', 164);
insert into evento (idEvento, fecha, tipo, capacidad) values (3067, '2024-10-16', 'academico', 270);
insert into evento (idEvento, fecha, tipo, capacidad) values (3068, '2024-09-12', 'recaudacion de fondos', 119);
insert into evento (idEvento, fecha, tipo, capacidad) values (3069, '2024-04-19', 'dias festivos', 56);
insert into evento (idEvento, fecha, tipo, capacidad) values (3070, '2023-12-17', 'dias festivos', 109);
insert into evento (idEvento, fecha, tipo, capacidad) values (3071, '2024-10-07', 'infantil', 242);
insert into evento (idEvento, fecha, tipo, capacidad) values (3072, '2024-04-18', 'escolar', 113);
insert into evento (idEvento, fecha, tipo, capacidad) values (3073, '2024-04-22', 'escolar', 169);
insert into evento (idEvento, fecha, tipo, capacidad) values (3074, '2024-04-03', 'social', 263);
insert into evento (idEvento, fecha, tipo, capacidad) values (3075, '2024-07-07', 'infantil', 111);
insert into evento (idEvento, fecha, tipo, capacidad) values (3076, '2024-10-19', 'dias festivos', 259);
insert into evento (idEvento, fecha, tipo, capacidad) values (3077, '2024-05-30', 'dias festivos', 105);
insert into evento (idEvento, fecha, tipo, capacidad) values (3078, '2024-07-29', 'academico', 210);
insert into evento (idEvento, fecha, tipo, capacidad) values (3079, '2024-11-01', 'academico', 104);
insert into evento (idEvento, fecha, tipo, capacidad) values (3080, '2023-12-24', 'escolar', 163);
insert into evento (idEvento, fecha, tipo, capacidad) values (3081, '2024-05-07', 'social', 282);
insert into evento (idEvento, fecha, tipo, capacidad) values (3082, '2024-09-10', 'social', 163);
insert into evento (idEvento, fecha, tipo, capacidad) values (3083, '2024-09-21', 'escolar', 95);
insert into evento (idEvento, fecha, tipo, capacidad) values (3084, '2024-03-02', 'recaudacion de fondos', 224);
insert into evento (idEvento, fecha, tipo, capacidad) values (3085, '2024-06-26', 'escolar', 144);
insert into evento (idEvento, fecha, tipo, capacidad) values (3086, '2024-02-25', 'social', 84);
insert into evento (idEvento, fecha, tipo, capacidad) values (3087, '2024-08-22', 'social', 96);
insert into evento (idEvento, fecha, tipo, capacidad) values (3088, '2024-05-20', 'escolar', 283);
insert into evento (idEvento, fecha, tipo, capacidad) values (3089, '2024-08-25', 'academico', 105);
insert into evento (idEvento, fecha, tipo, capacidad) values (3090, '2023-12-23', 'recaudacion de fondos', 140);
insert into evento (idEvento, fecha, tipo, capacidad) values (3091, '2024-03-23', 'recaudacion de fondos', 183);
insert into evento (idEvento, fecha, tipo, capacidad) values (3092, '2024-03-30', 'dias festivos', 219);
insert into evento (idEvento, fecha, tipo, capacidad) values (3093, '2024-07-15', 'infantil', 169);
insert into evento (idEvento, fecha, tipo, capacidad) values (3094, '2024-01-03', 'infantil', 191);
insert into evento (idEvento, fecha, tipo, capacidad) values (3095, '2024-02-05', 'escolar', 140);
insert into evento (idEvento, fecha, tipo, capacidad) values (3096, '2024-06-11', 'social', 285);
insert into evento (idEvento, fecha, tipo, capacidad) values (3097, '2024-09-27', 'academico', 76);
insert into evento (idEvento, fecha, tipo, capacidad) values (3098, '2023-12-25', 'infantil', 109);
insert into evento (idEvento, fecha, tipo, capacidad) values (3099, '2024-11-02', 'recaudacion de fondos', 250);

--asistir
insert into asistir (idPersona, idEvento) values (10600, 3047);
insert into asistir (idPersona, idEvento) values (10601, 3011);
insert into asistir (idPersona, idEvento) values (10602, 3021);
insert into asistir (idPersona, idEvento) values (10603, 3066);
insert into asistir (idPersona, idEvento) values (10604, 3051);
insert into asistir (idPersona, idEvento) values (10605, 3024);
insert into asistir (idPersona, idEvento) values (10606, 3083);
insert into asistir (idPersona, idEvento) values (10607, 3070);
insert into asistir (idPersona, idEvento) values (10608, 3013);
insert into asistir (idPersona, idEvento) values (10609, 3042);
insert into asistir (idPersona, idEvento) values (10610, 3077);
insert into asistir (idPersona, idEvento) values (10611, 3080);
insert into asistir (idPersona, idEvento) values (10612, 3069);
insert into asistir (idPersona, idEvento) values (10613, 3094);
insert into asistir (idPersona, idEvento) values (10614, 3071);
insert into asistir (idPersona, idEvento) values (10615, 3024);
insert into asistir (idPersona, idEvento) values (10616, 3015);
insert into asistir (idPersona, idEvento) values (10617, 3014);
insert into asistir (idPersona, idEvento) values (10618, 3030);
insert into asistir (idPersona, idEvento) values (10619, 3068);
insert into asistir (idPersona, idEvento) values (10620, 3022);
insert into asistir (idPersona, idEvento) values (10621, 3024);
insert into asistir (idPersona, idEvento) values (10622, 3026);
insert into asistir (idPersona, idEvento) values (10623, 3094);
insert into asistir (idPersona, idEvento) values (10624, 3017);
insert into asistir (idPersona, idEvento) values (10625, 3051);
insert into asistir (idPersona, idEvento) values (10626, 3050);
insert into asistir (idPersona, idEvento) values (10627, 3052);
insert into asistir (idPersona, idEvento) values (10628, 3098);
insert into asistir (idPersona, idEvento) values (10629, 3071);
insert into asistir (idPersona, idEvento) values (10630, 3013);
insert into asistir (idPersona, idEvento) values (10631, 3018);
insert into asistir (idPersona, idEvento) values (10632, 3078);
insert into asistir (idPersona, idEvento) values (10633, 3007);
insert into asistir (idPersona, idEvento) values (10634, 3066);
insert into asistir (idPersona, idEvento) values (10635, 3010);
insert into asistir (idPersona, idEvento) values (10636, 3026);
insert into asistir (idPersona, idEvento) values (10637, 3063);
insert into asistir (idPersona, idEvento) values (10638, 3058);
insert into asistir (idPersona, idEvento) values (10639, 3047);
insert into asistir (idPersona, idEvento) values (10640, 3063);
insert into asistir (idPersona, idEvento) values (10641, 3059);
insert into asistir (idPersona, idEvento) values (10642, 3078);
insert into asistir (idPersona, idEvento) values (10643, 3075);
insert into asistir (idPersona, idEvento) values (10644, 3024);
insert into asistir (idPersona, idEvento) values (10645, 3079);
insert into asistir (idPersona, idEvento) values (10646, 3001);
insert into asistir (idPersona, idEvento) values (10647, 3029);
insert into asistir (idPersona, idEvento) values (10648, 3036);
insert into asistir (idPersona, idEvento) values (10649, 3022);
insert into asistir (idPersona, idEvento) values (10650, 3047);
insert into asistir (idPersona, idEvento) values (10651, 3090);
insert into asistir (idPersona, idEvento) values (10652, 3051);
insert into asistir (idPersona, idEvento) values (10653, 3015);
insert into asistir (idPersona, idEvento) values (10654, 3036);
insert into asistir (idPersona, idEvento) values (10655, 3063);
insert into asistir (idPersona, idEvento) values (10656, 3040);
insert into asistir (idPersona, idEvento) values (10657, 3073);
insert into asistir (idPersona, idEvento) values (10658, 3034);
insert into asistir (idPersona, idEvento) values (10659, 3057);
insert into asistir (idPersona, idEvento) values (10660, 3040);
insert into asistir (idPersona, idEvento) values (10661, 3072);
insert into asistir (idPersona, idEvento) values (10662, 3035);
insert into asistir (idPersona, idEvento) values (10663, 3082);
insert into asistir (idPersona, idEvento) values (10664, 3085);
insert into asistir (idPersona, idEvento) values (10665, 3040);
insert into asistir (idPersona, idEvento) values (10666, 3062);
insert into asistir (idPersona, idEvento) values (10667, 3061);
insert into asistir (idPersona, idEvento) values (10668, 3025);
insert into asistir (idPersona, idEvento) values (10669, 3063);
insert into asistir (idPersona, idEvento) values (10670, 3051);
insert into asistir (idPersona, idEvento) values (10671, 3077);
insert into asistir (idPersona, idEvento) values (10672, 3033);
insert into asistir (idPersona, idEvento) values (10673, 3066);
insert into asistir (idPersona, idEvento) values (10674, 3051);
insert into asistir (idPersona, idEvento) values (10675, 3014);
insert into asistir (idPersona, idEvento) values (10676, 3071);
insert into asistir (idPersona, idEvento) values (10677, 3057);
insert into asistir (idPersona, idEvento) values (10678, 3017);
insert into asistir (idPersona, idEvento) values (10679, 3099);

--Telefono
insert into telefono (idPersona, telefono) values (10000, '2392912276');
insert into telefono (idPersona, telefono) values (10001, '2008040778');
insert into telefono (idPersona, telefono) values (10002, '6468026951');
insert into telefono (idPersona, telefono) values (10003, '7786933147');
insert into telefono (idPersona, telefono) values (10004, '7275745365');
insert into telefono (idPersona, telefono) values (10005, '1792573670');
insert into telefono (idPersona, telefono) values (10006, '2692699227');
insert into telefono (idPersona, telefono) values (10007, '7627251764');
insert into telefono (idPersona, telefono) values (10008, '4508902879');
insert into telefono (idPersona, telefono) values (10009, '4591544898');
insert into telefono (idPersona, telefono) values (10010, '2613067019');
insert into telefono (idPersona, telefono) values (10011, '1284461502');
insert into telefono (idPersona, telefono) values (10012, '5045688774');
insert into telefono (idPersona, telefono) values (10013, '1792406300');
insert into telefono (idPersona, telefono) values (10014, '7529521290');
insert into telefono (idPersona, telefono) values (10015, '1712071406');
insert into telefono (idPersona, telefono) values (10016, '4133906876');
insert into telefono (idPersona, telefono) values (10017, '5588667935');
insert into telefono (idPersona, telefono) values (10018, '6625213261');
insert into telefono (idPersona, telefono) values (10019, '5561188179');
insert into telefono (idPersona, telefono) values (10200, '1215025572');
insert into telefono (idPersona, telefono) values (10201, '8392301649');
insert into telefono (idPersona, telefono) values (10202, '7399595387');
insert into telefono (idPersona, telefono) values (10203, '5042883895');
insert into telefono (idPersona, telefono) values (10204, '4103360224');
insert into telefono (idPersona, telefono) values (10205, '9784402428');
insert into telefono (idPersona, telefono) values (10206, '2094949486');
insert into telefono (idPersona, telefono) values (10207, '9355863702');
insert into telefono (idPersona, telefono) values (10208, '2178849748');
insert into telefono (idPersona, telefono) values (10209, '7083534091');
insert into telefono (idPersona, telefono) values (10210, '7732124338');
insert into telefono (idPersona, telefono) values (10211, '1985292644');
insert into telefono (idPersona, telefono) values (10212, '7926959010');
insert into telefono (idPersona, telefono) values (10213, '7086905298');
insert into telefono (idPersona, telefono) values (10214, '9306019352');
insert into telefono (idPersona, telefono) values (10215, '8283996129');
insert into telefono (idPersona, telefono) values (10216, '1169814534');
insert into telefono (idPersona, telefono) values (10217, '3509984356');
insert into telefono (idPersona, telefono) values (10218, '4086980087');
insert into telefono (idPersona, telefono) values (10219, '3999566638');
insert into telefono (idPersona, telefono) values (10220, '1636364217');
insert into telefono (idPersona, telefono) values (10221, '9098929529');
insert into telefono (idPersona, telefono) values (10222, '9331618408');
insert into telefono (idPersona, telefono) values (10223, '3334839252');
insert into telefono (idPersona, telefono) values (10224, '1228480991');
insert into telefono (idPersona, telefono) values (10225, '4324825826');
insert into telefono (idPersona, telefono) values (10226, '1988567661');
insert into telefono (idPersona, telefono) values (10227, '7174340331');
insert into telefono (idPersona, telefono) values (10400, '5189269956');
insert into telefono (idPersona, telefono) values (10401, '3829838982');
insert into telefono (idPersona, telefono) values (10402, '2577899800');
insert into telefono (idPersona, telefono) values (10403, '3952481505');
insert into telefono (idPersona, telefono) values (10404, '5796008839');
insert into telefono (idPersona, telefono) values (10405, '4805593622');
insert into telefono (idPersona, telefono) values (10406, '2834816487');
insert into telefono (idPersona, telefono) values (10407, '1023719977');
insert into telefono (idPersona, telefono) values (10408, '5695857406');
insert into telefono (idPersona, telefono) values (10409, '6839988169');
insert into telefono (idPersona, telefono) values (10410, '9865608333');
insert into telefono (idPersona, telefono) values (10411, '9859419313');
insert into telefono (idPersona, telefono) values (10412, '2711123825');
insert into telefono (idPersona, telefono) values (10413, '3976225312');
insert into telefono (idPersona, telefono) values (10414, '2536591010');
insert into telefono (idPersona, telefono) values (10415, '2657609136');
insert into telefono (idPersona, telefono) values (10416, '6972342876');
insert into telefono (idPersona, telefono) values (10417, '7031189778');
insert into telefono (idPersona, telefono) values (10418, '7131161546');
insert into telefono (idPersona, telefono) values (10419, '8901650948');
insert into telefono (idPersona, telefono) values (10420, '8737898798');
insert into telefono (idPersona, telefono) values (10600, '8327730046');
insert into telefono (idPersona, telefono) values (10601, '6643588199');
insert into telefono (idPersona, telefono) values (10602, '8673663899');
insert into telefono (idPersona, telefono) values (10603, '5506219182');
insert into telefono (idPersona, telefono) values (10604, '3249327759');
insert into telefono (idPersona, telefono) values (10605, '5991715985');
insert into telefono (idPersona, telefono) values (10606, '8881436956');
insert into telefono (idPersona, telefono) values (10607, '9834647457');
insert into telefono (idPersona, telefono) values (10608, '8883396363');
insert into telefono (idPersona, telefono) values (10609, '7374945321');
insert into telefono (idPersona, telefono) values (10610, '1057499985');
insert into telefono (idPersona, telefono) values (10611, '6852513347');
insert into telefono (idPersona, telefono) values (10612, '3405558792');
insert into telefono (idPersona, telefono) values (10613, '4756882899');
insert into telefono (idPersona, telefono) values (10614, '1848917626');
insert into telefono (idPersona, telefono) values (10615, '9033118016');
insert into telefono (idPersona, telefono) values (10616, '7839601628');
insert into telefono (idPersona, telefono) values (10617, '1391472537');
insert into telefono (idPersona, telefono) values (10618, '8953633719');
insert into telefono (idPersona, telefono) values (10619, '5621483095');
insert into telefono (idPersona, telefono) values (10620, '3161051329');
insert into telefono (idPersona, telefono) values (10621, '9075749279');
insert into telefono (idPersona, telefono) values (10622, '2757635644');
insert into telefono (idPersona, telefono) values (10623, '6261323211');
insert into telefono (idPersona, telefono) values (10624, '6934280521');
insert into telefono (idPersona, telefono) values (10625, '5255231154');
insert into telefono (idPersona, telefono) values (10626, '5417478405');
insert into telefono (idPersona, telefono) values (10627, '5435338653');
insert into telefono (idPersona, telefono) values (10628, '3101792405');
insert into telefono (idPersona, telefono) values (10629, '1236103391');
insert into telefono (idPersona, telefono) values (10630, '5181151266');
insert into telefono (idPersona, telefono) values (10631, '4878373681');
insert into telefono (idPersona, telefono) values (10632, '3094600904');
insert into telefono (idPersona, telefono) values (10633, '7986224233');
insert into telefono (idPersona, telefono) values (10634, '6821669402');
insert into telefono (idPersona, telefono) values (10635, '9575016787');
insert into telefono (idPersona, telefono) values (10636, '2962777735');
insert into telefono (idPersona, telefono) values (10637, '2578515193');
insert into telefono (idPersona, telefono) values (10638, '3747589435');
insert into telefono (idPersona, telefono) values (10639, '8089364907');
insert into telefono (idPersona, telefono) values (10640, '2661671020');
insert into telefono (idPersona, telefono) values (10641, '8162110585');
insert into telefono (idPersona, telefono) values (10642, '5228714110');
insert into telefono (idPersona, telefono) values (10643, '8616847615');
insert into telefono (idPersona, telefono) values (10644, '6241547094');
insert into telefono (idPersona, telefono) values (10645, '9225680085');
insert into telefono (idPersona, telefono) values (10646, '4649516141');
insert into telefono (idPersona, telefono) values (10647, '2105857491');
insert into telefono (idPersona, telefono) values (10648, '8989638604');
insert into telefono (idPersona, telefono) values (10649, '4336802397');
insert into telefono (idPersona, telefono) values (10650, '7334271590');
insert into telefono (idPersona, telefono) values (10651, '1524580153');
insert into telefono (idPersona, telefono) values (10652, '4702497980');
insert into telefono (idPersona, telefono) values (10653, '9921366098');
insert into telefono (idPersona, telefono) values (10654, '4539852461');
insert into telefono (idPersona, telefono) values (10655, '3186795739');
insert into telefono (idPersona, telefono) values (10656, '5976270208');
insert into telefono (idPersona, telefono) values (10657, '9427032928');
insert into telefono (idPersona, telefono) values (10658, '9676073007');
insert into telefono (idPersona, telefono) values (10659, '8396859957');
insert into telefono (idPersona, telefono) values (10660, '5717878678');
insert into telefono (idPersona, telefono) values (10661, '4571846725');
insert into telefono (idPersona, telefono) values (10662, '1784156579');
insert into telefono (idPersona, telefono) values (10663, '6727933039');
insert into telefono (idPersona, telefono) values (10664, '8199662511');
insert into telefono (idPersona, telefono) values (10665, '9843019571');
insert into telefono (idPersona, telefono) values (10666, '3933182181');
insert into telefono (idPersona, telefono) values (10667, '5989526674');
insert into telefono (idPersona, telefono) values (10668, '9857514068');
insert into telefono (idPersona, telefono) values (10669, '4446883141');
insert into telefono (idPersona, telefono) values (10670, '9536896018');
insert into telefono (idPersona, telefono) values (10671, '4685727651');
insert into telefono (idPersona, telefono) values (10672, '6551037984');
insert into telefono (idPersona, telefono) values (10673, '7724706111');
insert into telefono (idPersona, telefono) values (10674, '9667528664');
insert into telefono (idPersona, telefono) values (10675, '2313886505');
insert into telefono (idPersona, telefono) values (10676, '7183822973');
insert into telefono (idPersona, telefono) values (10677, '8906470387');
insert into telefono (idPersona, telefono) values (10678, '6262261271');
insert into telefono (idPersona, telefono) values (10679, '1041188611');
insert into telefono (idPersona, telefono) values (10680, '7468050607');
insert into telefono (idPersona, telefono) values (10681, '9945760027');
insert into telefono (idPersona, telefono) values (10682, '9204110789');
insert into telefono (idPersona, telefono) values (10683, '5512005696');
insert into telefono (idPersona, telefono) values (10684, '2763455810');
insert into telefono (idPersona, telefono) values (10685, '3861342943');
insert into telefono (idPersona, telefono) values (10686, '6976857800');
insert into telefono (idPersona, telefono) values (10687, '6794713384');
insert into telefono (idPersona, telefono) values (10688, '1254303547');
insert into telefono (idPersona, telefono) values (10689, '3447823006');
insert into telefono (idPersona, telefono) values (10690, '3628341234');
insert into telefono (idPersona, telefono) values (10691, '5042202589');
insert into telefono (idPersona, telefono) values (10692, '5322228239');
insert into telefono (idPersona, telefono) values (10693, '9051613487');
insert into telefono (idPersona, telefono) values (10694, '7369059115');
insert into telefono (idPersona, telefono) values (10695, '5515060914');
insert into telefono (idPersona, telefono) values (10696, '9526918197');
insert into telefono (idPersona, telefono) values (10697, '9576009214');
insert into telefono (idPersona, telefono) values (10698, '7024733143');
insert into telefono (idPersona, telefono) values (10699, '3164920889');
insert into telefono (idPersona, telefono) values (10700, '5391383223');
insert into telefono (idPersona, telefono) values (10701, '8957257044');
insert into telefono (idPersona, telefono) values (10702, '8287293308');
insert into telefono (idPersona, telefono) values (10703, '2262852524');
insert into telefono (idPersona, telefono) values (10704, '3702560858');
insert into telefono (idPersona, telefono) values (10705, '7733271464');
insert into telefono (idPersona, telefono) values (10706, '2766677608');
insert into telefono (idPersona, telefono) values (10707, '7421983779');
insert into telefono (idPersona, telefono) values (10708, '5151323039');
insert into telefono (idPersona, telefono) values (10709, '9028800709');
insert into telefono (idPersona, telefono) values (10710, '8084420750');
insert into telefono (idPersona, telefono) values (10711, '7869547706');
insert into telefono (idPersona, telefono) values (10712, '7346922486');
insert into telefono (idPersona, telefono) values (10713, '3501485169');
insert into telefono (idPersona, telefono) values (10714, '4099773374');
insert into telefono (idPersona, telefono) values (10715, '8945747412');
insert into telefono (idPersona, telefono) values (10716, '8657286667');
insert into telefono (idPersona, telefono) values (10717, '2675513412');
insert into telefono (idPersona, telefono) values (10718, '5337165244');
insert into telefono (idPersona, telefono) values (10719, '1802276164');
insert into telefono (idPersona, telefono) values (10720, '8301921404');
insert into telefono (idPersona, telefono) values (10721, '2643612076');
insert into telefono (idPersona, telefono) values (10722, '5366720143');
insert into telefono (idPersona, telefono) values (10723, '5209789712');
insert into telefono (idPersona, telefono) values (10724, '4045898194');
insert into telefono (idPersona, telefono) values (10725, '9888727276');
insert into telefono (idPersona, telefono) values (10726, '5537245029');
insert into telefono (idPersona, telefono) values (10727, '7162839668');
insert into telefono (idPersona, telefono) values (10728, '9201594416');
insert into telefono (idPersona, telefono) values (10729, '7846692873');
insert into telefono (idPersona, telefono) values (10730, '5336831560');
insert into telefono (idPersona, telefono) values (10731, '7614092130');
insert into telefono (idPersona, telefono) values (10732, '7406431618');
insert into telefono (idPersona, telefono) values (10733, '3854531189');
insert into telefono (idPersona, telefono) values (10734, '2042221541');
insert into telefono (idPersona, telefono) values (10735, '4666414325');
insert into telefono (idPersona, telefono) values (10736, '5079100320');
insert into telefono (idPersona, telefono) values (10737, '3833474550');
insert into telefono (idPersona, telefono) values (10738, '5582945873');
insert into telefono (idPersona, telefono) values (10739, '9468410086');
insert into telefono (idPersona, telefono) values (10740, '6383136948');
insert into telefono (idPersona, telefono) values (10741, '8264620760');
insert into telefono (idPersona, telefono) values (10742, '7995218538');
insert into telefono (idPersona, telefono) values (10743, '6883768580');
insert into telefono (idPersona, telefono) values (10744, '4021051731');
insert into telefono (idPersona, telefono) values (10745, '2172143644');
insert into telefono (idPersona, telefono) values (10746, '9937328242');
insert into telefono (idPersona, telefono) values (10747, '6538444281');
insert into telefono (idPersona, telefono) values (10748, '5254372181');
insert into telefono (idPersona, telefono) values (10749, '1852705930');
insert into telefono (idPersona, telefono) values (10750, '7851202768');
insert into telefono (idPersona, telefono) values (10751, '8683223174');
insert into telefono (idPersona, telefono) values (10752, '6081641941');
insert into telefono (idPersona, telefono) values (10753, '7281576368');
insert into telefono (idPersona, telefono) values (10754, '2537836067');
insert into telefono (idPersona, telefono) values (10755, '4884904794');
insert into telefono (idPersona, telefono) values (10756, '7976921852');
insert into telefono (idPersona, telefono) values (10757, '9844281658');
insert into telefono (idPersona, telefono) values (10758, '4038580427');
insert into telefono (idPersona, telefono) values (10759, '4941883642');
insert into telefono (idPersona, telefono) values (10760, '6511409676');
insert into telefono (idPersona, telefono) values (10761, '6751149499');
insert into telefono (idPersona, telefono) values (10762, '3954602328');
insert into telefono (idPersona, telefono) values (10763, '5476863603');
insert into telefono (idPersona, telefono) values (10764, '6911916415');
insert into telefono (idPersona, telefono) values (10765, '3398545420');
insert into telefono (idPersona, telefono) values (10766, '7233689939');
insert into telefono (idPersona, telefono) values (10767, '2367142756');
insert into telefono (idPersona, telefono) values (10768, '8123165168');
insert into telefono (idPersona, telefono) values (10769, '7193774078');
insert into telefono (idPersona, telefono) values (10770, '2218456733');
insert into telefono (idPersona, telefono) values (10771, '7278042188');
insert into telefono (idPersona, telefono) values (10772, '2525311111');
insert into telefono (idPersona, telefono) values (10773, '7928861743');
insert into telefono (idPersona, telefono) values (10774, '4077906564');
insert into telefono (idPersona, telefono) values (10775, '5932581353');
insert into telefono (idPersona, telefono) values (10776, '1416560985');
insert into telefono (idPersona, telefono) values (10777, '7702031780');
insert into telefono (idPersona, telefono) values (10778, '4031287585');
insert into telefono (idPersona, telefono) values (10779, '1229959464');
insert into telefono (idPersona, telefono) values (10780, '8349335773');
insert into telefono (idPersona, telefono) values (10781, '5731809290');
insert into telefono (idPersona, telefono) values (10782, '3712783050');
insert into telefono (idPersona, telefono) values (10783, '3268371875');
insert into telefono (idPersona, telefono) values (10784, '7693077360');
insert into telefono (idPersona, telefono) values (10785, '4163816938');
insert into telefono (idPersona, telefono) values (10786, '3952509976');
insert into telefono (idPersona, telefono) values (10787, '6214325224');
insert into telefono (idPersona, telefono) values (10788, '5415476356');
insert into telefono (idPersona, telefono) values (10789, '7404140741');
insert into telefono (idPersona, telefono) values (10790, '4238372534');
insert into telefono (idPersona, telefono) values (10791, '8337589910');
insert into telefono (idPersona, telefono) values (10792, '6001340380');
insert into telefono (idPersona, telefono) values (10793, '3486854152');
insert into telefono (idPersona, telefono) values (10794, '8584989885');
insert into telefono (idPersona, telefono) values (10795, '6159993067');
insert into telefono (idPersona, telefono) values (10796, '9081951136');
insert into telefono (idPersona, telefono) values (10797, '6903836939');
insert into telefono (idPersona, telefono) values (10798, '3973206721');
insert into telefono (idPersona, telefono) values (10799, '4256931764');

-- correo
insert into correo (idPersona, correo) values (10000, 'fschleswigholstein0@elpais.com');
insert into correo (idPersona, correo) values (10001, 'kkirwood1@eepurl.com');
insert into correo (idPersona, correo) values (10002, 'vcastiglio2@nymag.com');
insert into correo (idPersona, correo) values (10003, 'fcaddick3@wiley.com');
insert into correo (idPersona, correo) values (10004, 'edymocke4@paypal.com');
insert into correo (idPersona, correo) values (10005, 'cchecchi5@reddit.com');
insert into correo (idPersona, correo) values (10006, 'nfarnfield6@slate.com');
insert into correo (idPersona, correo) values (10007, 'bsurmon7@t.co');
insert into correo (idPersona, correo) values (10008, 'vmacconneely8@chron.com');
insert into correo (idPersona, correo) values (10009, 'mlarciere9@auda.org.au');
insert into correo (idPersona, correo) values (10010, 'caxtena@salon.com');
insert into correo (idPersona, correo) values (10011, 'jloftusb@va.gov');
insert into correo (idPersona, correo) values (10012, 'mshaplinc@devhub.com');
insert into correo (idPersona, correo) values (10013, 'lboigd@nydailynews.com');
insert into correo (idPersona, correo) values (10014, 'hmattause@cam.ac.uk');
insert into correo (idPersona, correo) values (10015, 'bmottramf@globo.com');
insert into correo (idPersona, correo) values (10016, 'nbenceg@webs.com');
insert into correo (idPersona, correo) values (10017, 'rfouracreh@booking.com');
insert into correo (idPersona, correo) values (10018, 'mpuckhami@ning.com');
insert into correo (idPersona, correo) values (10019, 'eminchindenj@zdnet.com');
insert into correo (idPersona, correo) values (10200, 'shiscoke0@skype.com');
insert into correo (idPersona, correo) values (10201, 'adixcey1@rediff.com');
insert into correo (idPersona, correo) values (10202, 'awyon2@samsung.com');
insert into correo (idPersona, correo) values (10203, 'lspaunton3@walmart.com');
insert into correo (idPersona, correo) values (10204, 'ipotzold4@ca.gov');
insert into correo (idPersona, correo) values (10205, 'cpaulig5@simplemachines.org');
insert into correo (idPersona, correo) values (10206, 'ccodd6@sphinn.com');
insert into correo (idPersona, correo) values (10207, 'bwesson7@smh.com.au');
insert into correo (idPersona, correo) values (10208, 'sbleazard8@nasa.gov');
insert into correo (idPersona, correo) values (10209, 'ccretney9@weibo.com');
insert into correo (idPersona, correo) values (10210, 'crossa@nba.com');
insert into correo (idPersona, correo) values (10211, 'mbalazotb@xing.com');
insert into correo (idPersona, correo) values (10212, 'mcostonc@illinois.edu');
insert into correo (idPersona, correo) values (10213, 'mtapleyd@reddit.com');
insert into correo (idPersona, correo) values (10214, 'mtrippe@accuweather.com');
insert into correo (idPersona, correo) values (10215, 'swindeattf@macromedia.com');
insert into correo (idPersona, correo) values (10216, 'abuckbeeg@cyberchimps.com');
insert into correo (idPersona, correo) values (10217, 'zorpwoodh@businessweek.com');
insert into correo (idPersona, correo) values (10218, 'shamlingtoni@apache.org');
insert into correo (idPersona, correo) values (10219, 'danthoniesj@domainmarket.com');
insert into correo (idPersona, correo) values (10220, 'dcalendark@wix.com');
insert into correo (idPersona, correo) values (10221, 'dolunneyl@typepad.com');
insert into correo (idPersona, correo) values (10222, 'cfettiplacem@liveinternet.ru');
insert into correo (idPersona, correo) values (10223, 'bschierschn@dagondesign.com');
insert into correo (idPersona, correo) values (10224, 'hdobbyo@ycombinator.com');
insert into correo (idPersona, correo) values (10225, 'lbowlesworthp@purevolume.com');
insert into correo (idPersona, correo) values (10226, 'efarryanq@furl.net');
insert into correo (idPersona, correo) values (10227, 'tcosleyr@fastcompany.com');
insert into correo (idPersona, correo) values (10400, 'akingswood0@answers.com');
insert into correo (idPersona, correo) values (10401, 'csiemantel1@over-blog.com');
insert into correo (idPersona, correo) values (10402, 'apharoah2@plala.or.jp');
insert into correo (idPersona, correo) values (10403, 'gbeekmann3@jimdo.com');
insert into correo (idPersona, correo) values (10404, 'tdicte4@miitbeian.gov.cn');
insert into correo (idPersona, correo) values (10405, 'dspriddle5@elegantthemes.com');
insert into correo (idPersona, correo) values (10406, 'denterle6@zdnet.com');
insert into correo (idPersona, correo) values (10407, 'tcharman7@yellowpages.com');
insert into correo (idPersona, correo) values (10408, 'wboughey8@furl.net');
insert into correo (idPersona, correo) values (10409, 'gmountney9@ox.ac.uk');
insert into correo (idPersona, correo) values (10410, 'jpickerina@wikispaces.com');
insert into correo (idPersona, correo) values (10411, 'lhowsamb@walmart.com');
insert into correo (idPersona, correo) values (10412, 'iklugec@studiopress.com');
insert into correo (idPersona, correo) values (10413, 'nhasnneyd@nba.com');
insert into correo (idPersona, correo) values (10414, 'lvowlese@plala.or.jp');
insert into correo (idPersona, correo) values (10415, 'lradsdalef@msu.edu');
insert into correo (idPersona, correo) values (10416, 'sverricog@addthis.com');
insert into correo (idPersona, correo) values (10417, 'qdorroh@blogtalkradio.com');
insert into correo (idPersona, correo) values (10418, 'acarlozzii@newsvine.com');
insert into correo (idPersona, correo) values (10419, 'apelcheurj@bravesites.com');
insert into correo (idPersona, correo) values (10420, 'mashwellk@dion.ne.jp');
insert into correo (idPersona, correo) values (10600, 'aminchinton0@ocn.ne.jp');
insert into correo (idPersona, correo) values (10601, 'zmoizer1@etsy.com');
insert into correo (idPersona, correo) values (10602, 'sdyers2@chronoengine.com');
insert into correo (idPersona, correo) values (10603, 'mgimber3@omniture.com');
insert into correo (idPersona, correo) values (10604, 'dreason4@surveymonkey.com');
insert into correo (idPersona, correo) values (10605, 'aogers5@wunderground.com');
insert into correo (idPersona, correo) values (10606, 'sbalk6@psu.edu');
insert into correo (idPersona, correo) values (10607, 'dpatershall7@ifeng.com');
insert into correo (idPersona, correo) values (10608, 'jjirsa8@psu.edu');
insert into correo (idPersona, correo) values (10609, 'pferruzzi9@java.com');
insert into correo (idPersona, correo) values (10610, 'rlindemanna@oracle.com');
insert into correo (idPersona, correo) values (10611, 'cbellingerb@phoca.cz');
insert into correo (idPersona, correo) values (10612, 'iknappc@google.com');
insert into correo (idPersona, correo) values (10613, 'cmenced@oracle.com');
insert into correo (idPersona, correo) values (10614, 'doxberrye@de.vu');
insert into correo (idPersona, correo) values (10615, 'cglynf@addthis.com');
insert into correo (idPersona, correo) values (10616, 'esomersetg@wikia.com');
insert into correo (idPersona, correo) values (10617, 'lpainh@youku.com');
insert into correo (idPersona, correo) values (10618, 'ashewsmithi@hhs.gov');
insert into correo (idPersona, correo) values (10619, 'abroomerj@indiatimes.com');
insert into correo (idPersona, correo) values (10620, 'knortheyk@marketwatch.com');
insert into correo (idPersona, correo) values (10621, 'tburkwoodl@free.fr');
insert into correo (idPersona, correo) values (10622, 'bgatwardm@linkedin.com');
insert into correo (idPersona, correo) values (10623, 'terbainn@desdev.cn');
insert into correo (idPersona, correo) values (10624, 'afillimoreo@hatena.ne.jp');
insert into correo (idPersona, correo) values (10625, 'fparsonsp@digg.com');
insert into correo (idPersona, correo) values (10626, 'cstaningq@ox.ac.uk');
insert into correo (idPersona, correo) values (10627, 'cellsonr@archive.org');
insert into correo (idPersona, correo) values (10628, 'amizzis@sina.com.cn');
insert into correo (idPersona, correo) values (10629, 'iomullant@jimdo.com');
insert into correo (idPersona, correo) values (10630, 'ckearleyu@de.vu');
insert into correo (idPersona, correo) values (10631, 'lwhittleseev@blog.com');
insert into correo (idPersona, correo) values (10632, 'hodonoghuew@php.net');
insert into correo (idPersona, correo) values (10633, 'tmcmillamx@upenn.edu');
insert into correo (idPersona, correo) values (10634, 'zsowmany@dailymotion.com');
insert into correo (idPersona, correo) values (10635, 'hjudsonz@gizmodo.com');
insert into correo (idPersona, correo) values (10636, 'vfeldhammer10@uiuc.edu');
insert into correo (idPersona, correo) values (10637, 'lbugdall11@tmall.com');
insert into correo (idPersona, correo) values (10638, 'lcroucher12@youku.com');
insert into correo (idPersona, correo) values (10639, 'cfaiers13@mit.edu');
insert into correo (idPersona, correo) values (10640, 'mhains14@drupal.org');
insert into correo (idPersona, correo) values (10641, 'apeye15@sourceforge.net');
insert into correo (idPersona, correo) values (10642, 'lgatsby16@zimbio.com');
insert into correo (idPersona, correo) values (10643, 'cberston17@blinklist.com');
insert into correo (idPersona, correo) values (10644, 'fcorbin18@reuters.com');
insert into correo (idPersona, correo) values (10645, 'cmolfino19@qq.com');
insert into correo (idPersona, correo) values (10646, 'egerold1a@lycos.com');
insert into correo (idPersona, correo) values (10647, 'rshillington1b@freewebs.com');
insert into correo (idPersona, correo) values (10648, 'kcancellieri1c@sogou.com');
insert into correo (idPersona, correo) values (10649, 'ajubb1d@boston.com');
insert into correo (idPersona, correo) values (10650, 'ddeards1e@mlb.com');
insert into correo (idPersona, correo) values (10651, 'damburgy1f@mac.com');
insert into correo (idPersona, correo) values (10652, 'bcordner1g@ihg.com');
insert into correo (idPersona, correo) values (10653, 'aogrowgane1h@slate.com');
insert into correo (idPersona, correo) values (10654, 'eiashvili1i@skype.com');
insert into correo (idPersona, correo) values (10655, 'abadger1j@biblegateway.com');
insert into correo (idPersona, correo) values (10656, 'bdivill1k@virginia.edu');
insert into correo (idPersona, correo) values (10657, 'vforrest1l@photobucket.com');
insert into correo (idPersona, correo) values (10658, 'lbranston1m@cdc.gov');
insert into correo (idPersona, correo) values (10659, 'nhymer1n@over-blog.com');
insert into correo (idPersona, correo) values (10660, 'ostrattan1o@dot.gov');
insert into correo (idPersona, correo) values (10661, 'aepple1p@gnu.org');
insert into correo (idPersona, correo) values (10662, 'byendle1q@sbwire.com');
insert into correo (idPersona, correo) values (10663, 'dsparshatt1r@behance.net');
insert into correo (idPersona, correo) values (10664, 'adescroix1s@goodreads.com');
insert into correo (idPersona, correo) values (10665, 'dmcphelim1t@simplemachines.org');
insert into correo (idPersona, correo) values (10666, 'lchiddy1u@myspace.com');
insert into correo (idPersona, correo) values (10667, 'mpreon1v@census.gov');
insert into correo (idPersona, correo) values (10668, 'rburleigh1w@unicef.org');
insert into correo (idPersona, correo) values (10669, 'dcordy1x@kickstarter.com');
insert into correo (idPersona, correo) values (10670, 'rnannini1y@house.gov');
insert into correo (idPersona, correo) values (10671, 'jspalton1z@ibm.com');
insert into correo (idPersona, correo) values (10672, 'amarte20@tuttocitta.it');
insert into correo (idPersona, correo) values (10673, 'mbaselio21@ted.com');
insert into correo (idPersona, correo) values (10674, 'cgillcrist22@google.co.uk');
insert into correo (idPersona, correo) values (10675, 'sskerratt23@earthlink.net');
insert into correo (idPersona, correo) values (10676, 'sspata24@nps.gov');
insert into correo (idPersona, correo) values (10677, 'jmace25@ocn.ne.jp');
insert into correo (idPersona, correo) values (10678, 'jlovett26@meetup.com');
insert into correo (idPersona, correo) values (10679, 'mcastellan27@hatena.ne.jp');
insert into correo (idPersona, correo) values (10680, 'ebrumfield28@360.cn');
insert into correo (idPersona, correo) values (10681, 'dwoolmington29@forbes.com');
insert into correo (idPersona, correo) values (10682, 'agildea2a@jalbum.net');
insert into correo (idPersona, correo) values (10683, 'fhamblett2b@reddit.com');
insert into correo (idPersona, correo) values (10684, 'jgrills2c@google.fr');
insert into correo (idPersona, correo) values (10685, 'dbimrose2d@alibaba.com');
insert into correo (idPersona, correo) values (10686, 'fgethins2e@google.ca');
insert into correo (idPersona, correo) values (10687, 'lguyot2f@scientificamerican.com');
insert into correo (idPersona, correo) values (10688, 'kszach2g@ucsd.edu');
insert into correo (idPersona, correo) values (10689, 'ecourtonne2h@addtoany.com');
insert into correo (idPersona, correo) values (10690, 'jdoddemeade2i@hugedomains.com');
insert into correo (idPersona, correo) values (10691, 'ldunham2j@independent.co.uk');
insert into correo (idPersona, correo) values (10692, 'tjankovic2k@toplist.cz');
insert into correo (idPersona, correo) values (10693, 'mharrow2l@hhs.gov');
insert into correo (idPersona, correo) values (10694, 'cmitchley2m@devhub.com');
insert into correo (idPersona, correo) values (10695, 'skarsh2n@blogger.com');
insert into correo (idPersona, correo) values (10696, 'csiddon2o@wikispaces.com');
insert into correo (idPersona, correo) values (10697, 'dbaugham2p@topsy.com');
insert into correo (idPersona, correo) values (10698, 'doconnor2q@wiley.com');
insert into correo (idPersona, correo) values (10699, 'fsharper2r@huffingtonpost.com');
insert into correo (idPersona, correo) values (10700, 'kaiston2s@economist.com');
insert into correo (idPersona, correo) values (10701, 'mhauxwell2t@state.tx.us');
insert into correo (idPersona, correo) values (10702, 'tblackborough2u@smh.com.au');
insert into correo (idPersona, correo) values (10703, 'rputton2v@who.int');
insert into correo (idPersona, correo) values (10704, 'chatliff2w@moonfruit.com');
insert into correo (idPersona, correo) values (10705, 'mcumesky2x@china.com.cn');
insert into correo (idPersona, correo) values (10706, 'ccowope2y@networksolutions.com');
insert into correo (idPersona, correo) values (10707, 'djovasevic2z@lycos.com');
insert into correo (idPersona, correo) values (10708, 'jsainteau30@i2i.jp');
insert into correo (idPersona, correo) values (10709, 'hklainer31@edublogs.org');
insert into correo (idPersona, correo) values (10710, 'wkobsch32@microsoft.com');
insert into correo (idPersona, correo) values (10711, 'uleonards33@princeton.edu');
insert into correo (idPersona, correo) values (10712, 'tsallowaye34@weibo.com');
insert into correo (idPersona, correo) values (10713, 'dkensley35@blogtalkradio.com');
insert into correo (idPersona, correo) values (10714, 'btraher36@shutterfly.com');
insert into correo (idPersona, correo) values (10715, 'tspondley37@ebay.com');
insert into correo (idPersona, correo) values (10716, 'fdumphy38@latimes.com');
insert into correo (idPersona, correo) values (10717, 'fmcgifford39@freewebs.com');
insert into correo (idPersona, correo) values (10718, 'wwadeson3a@bravesites.com');
insert into correo (idPersona, correo) values (10719, 'gpipet3b@usda.gov');
insert into correo (idPersona, correo) values (10720, 'ldonovan3c@ameblo.jp');
insert into correo (idPersona, correo) values (10721, 'tnutten3d@nbcnews.com');
insert into correo (idPersona, correo) values (10722, 'cshevelin3e@google.de');
insert into correo (idPersona, correo) values (10723, 'dyearns3f@webmd.com');
insert into correo (idPersona, correo) values (10724, 'wleefe3g@hibu.com');
insert into correo (idPersona, correo) values (10725, 'smclorinan3h@earthlink.net');
insert into correo (idPersona, correo) values (10726, 'nmogenot3i@macromedia.com');
insert into correo (idPersona, correo) values (10727, 'akirby3j@123-reg.co.uk');
insert into correo (idPersona, correo) values (10728, 'dfoggarty3k@wufoo.com');
insert into correo (idPersona, correo) values (10729, 'dhewell3l@arstechnica.com');
insert into correo (idPersona, correo) values (10730, 'kdavidavidovics3m@purevolume.com');
insert into correo (idPersona, correo) values (10731, 'pedmundson3n@simplemachines.org');
insert into correo (idPersona, correo) values (10732, 'domullaney3o@umn.edu');
insert into correo (idPersona, correo) values (10733, 'fcaswill3p@rediff.com');
insert into correo (idPersona, correo) values (10734, 'woconnolly3q@amazon.co.jp');
insert into correo (idPersona, correo) values (10735, 'shunte3r@tripod.com');
insert into correo (idPersona, correo) values (10736, 'gsummersett3s@flavors.me');
insert into correo (idPersona, correo) values (10737, 'vnoye3t@salon.com');
insert into correo (idPersona, correo) values (10738, 'tshalcros3u@hostgator.com');
insert into correo (idPersona, correo) values (10739, 'prushmare3v@wiley.com');
insert into correo (idPersona, correo) values (10740, 'atruce3w@live.com');
insert into correo (idPersona, correo) values (10741, 'unoddle3x@nsw.gov.au');
insert into correo (idPersona, correo) values (10742, 'ctramel3y@hatena.ne.jp');
insert into correo (idPersona, correo) values (10743, 'cszanto3z@vkontakte.ru');
insert into correo (idPersona, correo) values (10744, 'csnelle40@mozilla.org');
insert into correo (idPersona, correo) values (10745, 'rchaimson41@macromedia.com');
insert into correo (idPersona, correo) values (10746, 'vjore42@theguardian.com');
insert into correo (idPersona, correo) values (10747, 'zpresser43@businessinsider.com');
insert into correo (idPersona, correo) values (10748, 'ewailes44@acquirethisname.com');
insert into correo (idPersona, correo) values (10749, 'rovens45@livejournal.com');
insert into correo (idPersona, correo) values (10750, 'rfoskew46@bbc.co.uk');
insert into correo (idPersona, correo) values (10751, 'ppardoe47@yahoo.com');
insert into correo (idPersona, correo) values (10752, 'mchappel48@un.org');
insert into correo (idPersona, correo) values (10753, 'gmouget49@spiegel.de');
insert into correo (idPersona, correo) values (10754, 'kpaviour4a@fema.gov');
insert into correo (idPersona, correo) values (10755, 'aloins4b@accuweather.com');
insert into correo (idPersona, correo) values (10756, 'rgounard4c@dailymail.co.uk');
insert into correo (idPersona, correo) values (10757, 'fthompsett4d@comsenz.com');
insert into correo (idPersona, correo) values (10758, 'cgossling4e@dailymail.co.uk');
insert into correo (idPersona, correo) values (10759, 'gtacey4f@whitehouse.gov');
insert into correo (idPersona, correo) values (10760, 'bchaters4g@who.int');
insert into correo (idPersona, correo) values (10761, 'ebemand4h@google.es');
insert into correo (idPersona, correo) values (10762, 'jcouthard4i@livejournal.com');
insert into correo (idPersona, correo) values (10763, 'druddoch4j@google.co.jp');
insert into correo (idPersona, correo) values (10764, 'lbrauninger4k@drupal.org');
insert into correo (idPersona, correo) values (10765, 'rmulholland4l@cornell.edu');
insert into correo (idPersona, correo) values (10766, 'ckaemena4m@theatlantic.com');
insert into correo (idPersona, correo) values (10767, 'jtatters4n@ox.ac.uk');
insert into correo (idPersona, correo) values (10768, 'nalderman4o@ning.com');
insert into correo (idPersona, correo) values (10769, 'cyakuntsov4p@miibeian.gov.cn');
insert into correo (idPersona, correo) values (10770, 'olight4q@ft.com');
insert into correo (idPersona, correo) values (10771, 'nchurchward4r@hud.gov');
insert into correo (idPersona, correo) values (10772, 'gcardillo4s@flickr.com');
insert into correo (idPersona, correo) values (10773, 'clobb4t@boston.com');
insert into correo (idPersona, correo) values (10774, 'bgronou4u@quantcast.com');
insert into correo (idPersona, correo) values (10775, 'cbollom4v@histats.com');
insert into correo (idPersona, correo) values (10776, 'vdan4w@squidoo.com');
insert into correo (idPersona, correo) values (10777, 'rmold4x@msn.com');
insert into correo (idPersona, correo) values (10778, 'npearmine4y@quantcast.com');
insert into correo (idPersona, correo) values (10779, 'adormand4z@privacy.gov.au');
insert into correo (idPersona, correo) values (10780, 'treckus50@biglobe.ne.jp');
insert into correo (idPersona, correo) values (10781, 'pitzkin51@indiegogo.com');
insert into correo (idPersona, correo) values (10782, 'mfoad52@abc.net.au');
insert into correo (idPersona, correo) values (10783, 'menderson53@hatena.ne.jp');
insert into correo (idPersona, correo) values (10784, 'tchecklin54@ovh.net');
insert into correo (idPersona, correo) values (10785, 'rlandsberg55@wikipedia.org');
insert into correo (idPersona, correo) values (10786, 'ssteljes56@fc2.com');
insert into correo (idPersona, correo) values (10787, 'ryesinov57@prnewswire.com');
insert into correo (idPersona, correo) values (10788, 'kbickerstasse58@springer.com');
insert into correo (idPersona, correo) values (10789, 'babarrow59@geocities.jp');
insert into correo (idPersona, correo) values (10790, 'ssowten5a@ustream.tv');
insert into correo (idPersona, correo) values (10791, 'msantoro5b@nationalgeographic.com');
insert into correo (idPersona, correo) values (10792, 'aeasby5c@statcounter.com');
insert into correo (idPersona, correo) values (10793, 'kskeath5d@ovh.net');
insert into correo (idPersona, correo) values (10794, 'mziems5e@mayoclinic.com');
insert into correo (idPersona, correo) values (10795, 'tdavers5f@google.es');
insert into correo (idPersona, correo) values (10796, 'lsheldon5g@umn.edu');
insert into correo (idPersona, correo) values (10797, 'wlocal5h@topsy.com');
insert into correo (idPersona, correo) values (10798, 'jfairham5i@cornell.edu');
insert into correo (idPersona, correo) values (10799, 'mromushkin5j@google.fr');

-- ticket
insert into ticket (folio, fecha, tipo, descuento, costoUnitario) values (800001, '2023-07-12', 'bano', 46.16, 201.09);
insert into ticket (folio, fecha, tipo, descuento, costoUnitario) values (800002, '2023-08-23', 'comida', 26.95, 209.18);
insert into ticket (folio, fecha, tipo, descuento, costoUnitario) values (800003, '2023-09-06', 'tiendas', 34.98, 196.16);
insert into ticket (folio, fecha, tipo, descuento, costoUnitario) values (800004, '2023-11-10', 'bano', 40.52, 123.89);
insert into ticket (folio, fecha, tipo, descuento, costoUnitario) values (800005, '2023-04-11', 'tiendas', 48.43, 220.01);
insert into ticket (folio, fecha, tipo, descuento, costoUnitario) values (800006, '2023-04-25', 'tiendas', 15.97, 111.2);
insert into ticket (folio, fecha, tipo, descuento, costoUnitario) values (800007, '2023-03-22', 'comida', 8.47, 204.19);
insert into ticket (folio, fecha, tipo, descuento, costoUnitario) values (800008, '2023-07-20', 'comida', 18.78, 236.22);
insert into ticket (folio, fecha, tipo, descuento, costoUnitario) values (800009, '2023-08-13', 'tiendas', 42.46, 130.4);
insert into ticket (folio, fecha, tipo, descuento, costoUnitario) values (800010, '2023-11-07', 'bano', 15.19, 232.85);
insert into ticket (folio, fecha, tipo, descuento, costoUnitario) values (800011, '2023-05-31', 'bano', 4.77, 200.73);
insert into ticket (folio, fecha, tipo, descuento, costoUnitario) values (800012, '2023-10-22', 'bano', 16.96, 189.14);
insert into ticket (folio, fecha, tipo, descuento, costoUnitario) values (800013, '2023-10-31', 'tiendas', 26.36, 238.35);
insert into ticket (folio, fecha, tipo, descuento, costoUnitario) values (800014, '2023-04-15', 'comida', 23.79, 214.31);
insert into ticket (folio, fecha, tipo, descuento, costoUnitario) values (800015, '2023-01-13', 'tiendas', 44.75, 176.95);
insert into ticket (folio, fecha, tipo, descuento, costoUnitario) values (800016, '2023-05-02', 'comida', 30.26, 130.83);
insert into ticket (folio, fecha, tipo, descuento, costoUnitario) values (800017, '2023-11-19', 'tiendas', 25.45, 213.57);
insert into ticket (folio, fecha, tipo, descuento, costoUnitario) values (800018, '2023-07-17', 'tiendas', 2.04, 169.73);
insert into ticket (folio, fecha, tipo, descuento, costoUnitario) values (800019, '2023-01-11', 'comida', 23.28, 288.13);
insert into ticket (folio, fecha, tipo, descuento, costoUnitario) values (800020, '2023-06-18', 'bano', 49.25, 277.07);
insert into ticket (folio, fecha, tipo, descuento, costoUnitario) values (800021, '2023-11-02', 'comida', 48.8, 260.44);
insert into ticket (folio, fecha, tipo, descuento, costoUnitario) values (800022, '2023-03-01', 'bano', 19.22, 103.11);
insert into ticket (folio, fecha, tipo, descuento, costoUnitario) values (800023, '2023-09-16', 'comida', 43.43, 199.29);
insert into ticket (folio, fecha, tipo, descuento, costoUnitario) values (800024, '2023-04-29', 'comida', 2.71, 154.24);
insert into ticket (folio, fecha, tipo, descuento, costoUnitario) values (800025, '2023-03-27', 'bano', 10.99, 244.88);
insert into ticket (folio, fecha, tipo, descuento, costoUnitario) values (800026, '2023-11-12', 'tiendas', 15.6, 248.87);
insert into ticket (folio, fecha, tipo, descuento, costoUnitario) values (800027, '2023-05-04', 'tiendas', 22.25, 263.54);
insert into ticket (folio, fecha, tipo, descuento, costoUnitario) values (800028, '2023-04-03', 'bano', 38.18, 140.83);
insert into ticket (folio, fecha, tipo, descuento, costoUnitario) values (800029, '2023-07-05', 'bano', 48.12, 138.73);
insert into ticket (folio, fecha, tipo, descuento, costoUnitario) values (800030, '2023-08-02', 'tiendas', 37.48, 112.02);
insert into ticket (folio, fecha, tipo, descuento, costoUnitario) values (800031, '2023-07-27', 'tiendas', 23.68, 253.08);
insert into ticket (folio, fecha, tipo, descuento, costoUnitario) values (800032, '2023-06-15', 'tiendas', 28.47, 156.48);
insert into ticket (folio, fecha, tipo, descuento, costoUnitario) values (800033, '2023-08-12', 'bano', 39.95, 215.33);
insert into ticket (folio, fecha, tipo, descuento, costoUnitario) values (800034, '2023-08-29', 'bano', 27.72, 287.65);
insert into ticket (folio, fecha, tipo, descuento, costoUnitario) values (800035, '2023-08-25', 'bano', 27.68, 292.6);
insert into ticket (folio, fecha, tipo, descuento, costoUnitario) values (800036, '2023-01-23', 'tiendas', 14.56, 145.33);
insert into ticket (folio, fecha, tipo, descuento, costoUnitario) values (800037, '2023-09-17', 'tiendas', 19.98, 113.7);
insert into ticket (folio, fecha, tipo, descuento, costoUnitario) values (800038, '2023-11-08', 'tiendas', 30.02, 117.0);
insert into ticket (folio, fecha, tipo, descuento, costoUnitario) values (800039, '2023-09-14', 'comida', 12.24, 274.01);
insert into ticket (folio, fecha, tipo, descuento, costoUnitario) values (800040, '2023-05-22', 'tiendas', 39.76, 116.98);
insert into ticket (folio, fecha, tipo, descuento, costoUnitario) values (800041, '2023-03-13', 'bano', 20.0, 272.64);
insert into ticket (folio, fecha, tipo, descuento, costoUnitario) values (800042, '2023-01-01', 'tiendas', 10.66, 244.73);
insert into ticket (folio, fecha, tipo, descuento, costoUnitario) values (800043, '2022-12-24', 'comida', 19.36, 150.89);
insert into ticket (folio, fecha, tipo, descuento, costoUnitario) values (800044, '2023-04-03', 'bano', 48.23, 233.05);
insert into ticket (folio, fecha, tipo, descuento, costoUnitario) values (800045, '2023-09-28', 'tiendas', 44.59, 286.96);
insert into ticket (folio, fecha, tipo, descuento, costoUnitario) values (800046, '2023-01-24', 'tiendas', 35.32, 222.4);
insert into ticket (folio, fecha, tipo, descuento, costoUnitario) values (800047, '2023-09-06', 'comida', 6.47, 157.06);
insert into ticket (folio, fecha, tipo, descuento, costoUnitario) values (800048, '2023-08-29', 'comida', 4.95, 145.42);
insert into ticket (folio, fecha, tipo, descuento, costoUnitario) values (800049, '2023-01-04', 'bano', 38.04, 201.32);
insert into ticket (folio, fecha, tipo, descuento, costoUnitario) values (800050, '2023-05-14', 'tiendas', 25.34, 258.69);
insert into ticket (folio, fecha, tipo, descuento, costoUnitario) values (800051, '2023-04-29', 'bano', 30.57, 177.75);
insert into ticket (folio, fecha, tipo, descuento, costoUnitario) values (800052, '2023-05-01', 'comida', 4.32, 225.43);
insert into ticket (folio, fecha, tipo, descuento, costoUnitario) values (800053, '2023-07-15', 'comida', 39.62, 264.47);
insert into ticket (folio, fecha, tipo, descuento, costoUnitario) values (800054, '2023-06-19', 'bano', 19.47, 170.43);
insert into ticket (folio, fecha, tipo, descuento, costoUnitario) values (800055, '2023-03-19', 'tiendas', 28.99, 107.78);
insert into ticket (folio, fecha, tipo, descuento, costoUnitario) values (800056, '2023-03-18', 'tiendas', 5.62, 251.46);
insert into ticket (folio, fecha, tipo, descuento, costoUnitario) values (800057, '2023-08-28', 'bano', 15.26, 121.18);
insert into ticket (folio, fecha, tipo, descuento, costoUnitario) values (800058, '2023-07-07', 'comida', 34.62, 133.57);
insert into ticket (folio, fecha, tipo, descuento, costoUnitario) values (800059, '2023-10-26', 'bano', 13.65, 269.39);
insert into ticket (folio, fecha, tipo, descuento, costoUnitario) values (800060, '2023-04-17', 'tiendas', 39.12, 141.61);
insert into ticket (folio, fecha, tipo, descuento, costoUnitario) values (800061, '2023-02-16', 'bano', 16.58, 241.41);
insert into ticket (folio, fecha, tipo, descuento, costoUnitario) values (800062, '2023-09-14', 'comida', 12.48, 296.15);
insert into ticket (folio, fecha, tipo, descuento, costoUnitario) values (800063, '2023-10-03', 'comida', 12.44, 113.88);
insert into ticket (folio, fecha, tipo, descuento, costoUnitario) values (800064, '2023-09-05', 'tiendas', 30.77, 288.04);
insert into ticket (folio, fecha, tipo, descuento, costoUnitario) values (800065, '2023-01-06', 'comida', 47.4, 100.85);
insert into ticket (folio, fecha, tipo, descuento, costoUnitario) values (800066, '2023-04-05', 'tiendas', 12.32, 157.22);
insert into ticket (folio, fecha, tipo, descuento, costoUnitario) values (800067, '2023-05-06', 'comida', 2.68, 214.88);
insert into ticket (folio, fecha, tipo, descuento, costoUnitario) values (800068, '2023-02-14', 'bano', 27.51, 134.02);
insert into ticket (folio, fecha, tipo, descuento, costoUnitario) values (800069, '2023-01-16', 'comida', 16.04, 167.4);
insert into ticket (folio, fecha, tipo, descuento, costoUnitario) values (800070, '2023-06-06', 'tiendas', 36.05, 139.51);
insert into ticket (folio, fecha, tipo, descuento, costoUnitario) values (800071, '2023-05-18', 'bano', 40.81, 134.7);
insert into ticket (folio, fecha, tipo, descuento, costoUnitario) values (800072, '2023-09-28', 'comida', 49.79, 100.74);
insert into ticket (folio, fecha, tipo, descuento, costoUnitario) values (800073, '2022-12-23', 'bano', 28.94, 148.71);
insert into ticket (folio, fecha, tipo, descuento, costoUnitario) values (800074, '2023-06-08', 'tiendas', 47.0, 279.95);
insert into ticket (folio, fecha, tipo, descuento, costoUnitario) values (800075, '2023-11-07', 'tiendas', 30.69, 193.77);
insert into ticket (folio, fecha, tipo, descuento, costoUnitario) values (800076, '2023-08-08', 'comida', 39.46, 239.03);
insert into ticket (folio, fecha, tipo, descuento, costoUnitario) values (800077, '2023-03-20', 'tiendas', 30.89, 283.25);
insert into ticket (folio, fecha, tipo, descuento, costoUnitario) values (800078, '2023-07-08', 'comida', 26.84, 136.09);
insert into ticket (folio, fecha, tipo, descuento, costoUnitario) values (800079, '2023-05-21', 'tiendas', 27.32, 214.02);
insert into ticket (folio, fecha, tipo, descuento, costoUnitario) values (800080, '2023-08-25', 'bano', 33.12, 188.28);
insert into ticket (folio, fecha, tipo, descuento, costoUnitario) values (800081, '2023-01-13', 'tiendas', 17.59, 213.12);
insert into ticket (folio, fecha, tipo, descuento, costoUnitario) values (800082, '2023-06-21', 'tiendas', 49.16, 235.47);
insert into ticket (folio, fecha, tipo, descuento, costoUnitario) values (800083, '2023-08-22', 'tiendas', 45.51, 273.76);
insert into ticket (folio, fecha, tipo, descuento, costoUnitario) values (800084, '2023-03-29', 'tiendas', 9.56, 215.41);
insert into ticket (folio, fecha, tipo, descuento, costoUnitario) values (800085, '2023-03-03', 'comida', 49.49, 217.09);
insert into ticket (folio, fecha, tipo, descuento, costoUnitario) values (800086, '2023-03-11', 'bano', 32.29, 112.63);
insert into ticket (folio, fecha, tipo, descuento, costoUnitario) values (800087, '2023-04-24', 'tiendas', 49.54, 299.09);
insert into ticket (folio, fecha, tipo, descuento, costoUnitario) values (800088, '2023-09-12', 'comida', 22.59, 208.24);
insert into ticket (folio, fecha, tipo, descuento, costoUnitario) values (800089, '2023-06-26', 'comida', 25.74, 280.5);
insert into ticket (folio, fecha, tipo, descuento, costoUnitario) values (800090, '2023-01-31', 'tiendas', 42.16, 194.43);
insert into ticket (folio, fecha, tipo, descuento, costoUnitario) values (800091, '2023-09-07', 'bano', 21.83, 149.87);
insert into ticket (folio, fecha, tipo, descuento, costoUnitario) values (800092, '2023-11-04', 'comida', 43.46, 177.54);
insert into ticket (folio, fecha, tipo, descuento, costoUnitario) values (800093, '2023-01-07', 'bano', 24.97, 119.01);
insert into ticket (folio, fecha, tipo, descuento, costoUnitario) values (800094, '2023-06-16', 'bano', 48.88, 139.89);
insert into ticket (folio, fecha, tipo, descuento, costoUnitario) values (800095, '2023-08-02', 'bano', 8.24, 228.04);
insert into ticket (folio, fecha, tipo, descuento, costoUnitario) values (800096, '2023-03-05', 'comida', 29.18, 206.33);
insert into ticket (folio, fecha, tipo, descuento, costoUnitario) values (800097, '2023-04-25', 'tiendas', 34.9, 157.15);
insert into ticket (folio, fecha, tipo, descuento, costoUnitario) values (800098, '2023-08-13', 'tiendas', 25.91, 189.93);
insert into ticket (folio, fecha, tipo, descuento, costoUnitario) values (800099, '2023-10-08', 'tiendas', 1.46, 138.65);
insert into ticket (folio, fecha, tipo, descuento, costoUnitario) values (800100, '2023-08-09', 'comida', 45.08, 162.3);
insert into ticket (folio, fecha, tipo, descuento, costoUnitario) values (800101, '2023-07-26', 'tiendas', 11.07, 297.23);
insert into ticket (folio, fecha, tipo, descuento, costoUnitario) values (800102, '2023-10-10', 'tiendas', 25.49, 227.6);
insert into ticket (folio, fecha, tipo, descuento, costoUnitario) values (800103, '2023-01-04', 'comida', 7.86, 181.19);
insert into ticket (folio, fecha, tipo, descuento, costoUnitario) values (800104, '2023-07-10', 'bano', 6.35, 109.81);
insert into ticket (folio, fecha, tipo, descuento, costoUnitario) values (800105, '2023-04-12', 'comida', 24.02, 181.28);
insert into ticket (folio, fecha, tipo, descuento, costoUnitario) values (800106, '2023-08-17', 'comida', 46.46, 251.96);
insert into ticket (folio, fecha, tipo, descuento, costoUnitario) values (800107, '2023-02-04', 'tiendas', 37.64, 118.88);
insert into ticket (folio, fecha, tipo, descuento, costoUnitario) values (800108, '2023-02-28', 'comida', 5.3, 198.63);
insert into ticket (folio, fecha, tipo, descuento, costoUnitario) values (800109, '2023-06-05', 'bano', 40.46, 154.77);
insert into ticket (folio, fecha, tipo, descuento, costoUnitario) values (800110, '2023-10-08', 'comida', 18.74, 140.66);
insert into ticket (folio, fecha, tipo, descuento, costoUnitario) values (800111, '2023-10-25', 'comida', 46.85, 178.79);
insert into ticket (folio, fecha, tipo, descuento, costoUnitario) values (800112, '2023-03-29', 'comida', 40.69, 242.5);
insert into ticket (folio, fecha, tipo, descuento, costoUnitario) values (800113, '2023-08-20', 'tiendas', 32.89, 149.68);
insert into ticket (folio, fecha, tipo, descuento, costoUnitario) values (800114, '2023-04-16', 'comida', 23.34, 235.5);
insert into ticket (folio, fecha, tipo, descuento, costoUnitario) values (800115, '2023-08-30', 'bano', 37.18, 257.3);
insert into ticket (folio, fecha, tipo, descuento, costoUnitario) values (800116, '2023-01-18', 'bano', 42.34, 184.22);
insert into ticket (folio, fecha, tipo, descuento, costoUnitario) values (800117, '2023-06-02', 'tiendas', 4.91, 176.35);
insert into ticket (folio, fecha, tipo, descuento, costoUnitario) values (800118, '2023-11-07', 'comida', 4.23, 232.72);
insert into ticket (folio, fecha, tipo, descuento, costoUnitario) values (800119, '2023-01-27', 'bano', 16.49, 118.62);
insert into ticket (folio, fecha, tipo, descuento, costoUnitario) values (800120, '2023-01-25', 'bano', 2.69, 197.09);
insert into ticket (folio, fecha, tipo, descuento, costoUnitario) values (800121, '2022-12-27', 'bano', 2.44, 260.09);
insert into ticket (folio, fecha, tipo, descuento, costoUnitario) values (800122, '2023-02-09', 'tiendas', 7.66, 247.32);
insert into ticket (folio, fecha, tipo, descuento, costoUnitario) values (800123, '2023-04-28', 'comida', 42.43, 181.74);
insert into ticket (folio, fecha, tipo, descuento, costoUnitario) values (800124, '2023-01-23', 'tiendas', 12.01, 149.66);
insert into ticket (folio, fecha, tipo, descuento, costoUnitario) values (800125, '2023-01-08', 'comida', 38.13, 120.32);
insert into ticket (folio, fecha, tipo, descuento, costoUnitario) values (800126, '2023-01-22', 'tiendas', 31.47, 289.78);
insert into ticket (folio, fecha, tipo, descuento, costoUnitario) values (800127, '2023-07-22', 'tiendas', 3.46, 161.03);
insert into ticket (folio, fecha, tipo, descuento, costoUnitario) values (800128, '2023-11-13', 'comida', 39.15, 196.7);
insert into ticket (folio, fecha, tipo, descuento, costoUnitario) values (800129, '2023-07-22', 'comida', 33.84, 268.6);
insert into ticket (folio, fecha, tipo, descuento, costoUnitario) values (800130, '2023-06-24', 'tiendas', 21.77, 144.34);
insert into ticket (folio, fecha, tipo, descuento, costoUnitario) values (800131, '2023-01-25', 'tiendas', 6.86, 105.9);
insert into ticket (folio, fecha, tipo, descuento, costoUnitario) values (800132, '2023-03-14', 'comida', 34.54, 293.48);
insert into ticket (folio, fecha, tipo, descuento, costoUnitario) values (800133, '2023-06-18', 'tiendas', 18.12, 250.76);
insert into ticket (folio, fecha, tipo, descuento, costoUnitario) values (800134, '2022-11-29', 'comida', 20.56, 124.04);
insert into ticket (folio, fecha, tipo, descuento, costoUnitario) values (800135, '2023-08-16', 'comida', 18.55, 131.28);
insert into ticket (folio, fecha, tipo, descuento, costoUnitario) values (800136, '2023-07-08', 'comida', 40.29, 198.75);
insert into ticket (folio, fecha, tipo, descuento, costoUnitario) values (800137, '2023-09-24', 'comida', 48.7, 110.1);
insert into ticket (folio, fecha, tipo, descuento, costoUnitario) values (800138, '2023-08-18', 'tiendas', 6.57, 149.7);
insert into ticket (folio, fecha, tipo, descuento, costoUnitario) values (800139, '2023-09-02', 'comida', 15.9, 170.6);
insert into ticket (folio, fecha, tipo, descuento, costoUnitario) values (800140, '2023-06-29', 'comida', 9.19, 230.53);
insert into ticket (folio, fecha, tipo, descuento, costoUnitario) values (800141, '2023-03-05', 'tiendas', 20.27, 298.94);
insert into ticket (folio, fecha, tipo, descuento, costoUnitario) values (800142, '2023-05-27', 'tiendas', 12.05, 235.39);
insert into ticket (folio, fecha, tipo, descuento, costoUnitario) values (800143, '2023-08-29', 'comida', 2.9, 278.91);
insert into ticket (folio, fecha, tipo, descuento, costoUnitario) values (800144, '2023-02-20', 'bano', 11.75, 201.19);
insert into ticket (folio, fecha, tipo, descuento, costoUnitario) values (800145, '2023-02-10', 'bano', 9.14, 223.41);
insert into ticket (folio, fecha, tipo, descuento, costoUnitario) values (800146, '2023-11-05', 'bano', 36.53, 150.34);
insert into ticket (folio, fecha, tipo, descuento, costoUnitario) values (800147, '2023-03-11', 'comida', 21.46, 124.67);
insert into ticket (folio, fecha, tipo, descuento, costoUnitario) values (800148, '2023-09-30', 'tiendas', 18.23, 254.15);
insert into ticket (folio, fecha, tipo, descuento, costoUnitario) values (800149, '2023-04-17', 'comida', 6.94, 144.85);
insert into ticket (folio, fecha, tipo, descuento, costoUnitario) values (800150, '2023-10-07', 'bano', 21.44, 148.69);
insert into ticket (folio, fecha, tipo, descuento, costoUnitario) values (800151, '2023-03-13', 'bano', 39.65, 160.83);
insert into ticket (folio, fecha, tipo, descuento, costoUnitario) values (800152, '2023-04-25', 'tiendas', 37.98, 104.31);
insert into ticket (folio, fecha, tipo, descuento, costoUnitario) values (800153, '2023-01-11', 'tiendas', 49.64, 192.67);
insert into ticket (folio, fecha, tipo, descuento, costoUnitario) values (800154, '2023-04-28', 'comida', 8.56, 252.46);
insert into ticket (folio, fecha, tipo, descuento, costoUnitario) values (800155, '2023-03-20', 'comida', 1.39, 106.95);
insert into ticket (folio, fecha, tipo, descuento, costoUnitario) values (800156, '2023-10-13', 'bano', 11.58, 287.26);
insert into ticket (folio, fecha, tipo, descuento, costoUnitario) values (800157, '2023-09-20', 'bano', 32.52, 108.84);
insert into ticket (folio, fecha, tipo, descuento, costoUnitario) values (800158, '2023-06-07', 'tiendas', 6.98, 278.87);
insert into ticket (folio, fecha, tipo, descuento, costoUnitario) values (800159, '2023-11-04', 'bano', 9.44, 102.5);
insert into ticket (folio, fecha, tipo, descuento, costoUnitario) values (800160, '2023-05-20', 'bano', 40.37, 255.64);
insert into ticket (folio, fecha, tipo, descuento, costoUnitario) values (800161, '2023-04-26', 'tiendas', 29.81, 123.64);
insert into ticket (folio, fecha, tipo, descuento, costoUnitario) values (800162, '2023-08-20', 'bano', 2.45, 211.56);
insert into ticket (folio, fecha, tipo, descuento, costoUnitario) values (800163, '2023-09-05', 'tiendas', 11.1, 211.46);
insert into ticket (folio, fecha, tipo, descuento, costoUnitario) values (800164, '2023-05-23', 'tiendas', 46.55, 119.26);
insert into ticket (folio, fecha, tipo, descuento, costoUnitario) values (800165, '2023-03-06', 'tiendas', 31.34, 126.01);
insert into ticket (folio, fecha, tipo, descuento, costoUnitario) values (800166, '2023-09-18', 'bano', 9.82, 154.33);
insert into ticket (folio, fecha, tipo, descuento, costoUnitario) values (800167, '2022-12-11', 'comida', 18.6, 145.14);
insert into ticket (folio, fecha, tipo, descuento, costoUnitario) values (800168, '2023-07-04', 'tiendas', 23.91, 203.78);
insert into ticket (folio, fecha, tipo, descuento, costoUnitario) values (800169, '2023-05-05', 'bano', 36.69, 181.08);
insert into ticket (folio, fecha, tipo, descuento, costoUnitario) values (800170, '2023-11-13', 'bano', 24.62, 250.15);
insert into ticket (folio, fecha, tipo, descuento, costoUnitario) values (800171, '2023-09-30', 'tiendas', 6.12, 174.18);
insert into ticket (folio, fecha, tipo, descuento, costoUnitario) values (800172, '2023-08-07', 'tiendas', 33.35, 138.29);
insert into ticket (folio, fecha, tipo, descuento, costoUnitario) values (800173, '2023-09-17', 'bano', 4.19, 246.79);
insert into ticket (folio, fecha, tipo, descuento, costoUnitario) values (800174, '2023-08-30', 'bano', 41.3, 278.2);
insert into ticket (folio, fecha, tipo, descuento, costoUnitario) values (800175, '2023-04-06', 'bano', 36.51, 132.06);
insert into ticket (folio, fecha, tipo, descuento, costoUnitario) values (800176, '2023-09-30', 'comida', 30.87, 216.18);
insert into ticket (folio, fecha, tipo, descuento, costoUnitario) values (800177, '2023-08-26', 'bano', 37.24, 165.66);
insert into ticket (folio, fecha, tipo, descuento, costoUnitario) values (800178, '2023-08-17', 'comida', 18.62, 241.68);
insert into ticket (folio, fecha, tipo, descuento, costoUnitario) values (800179, '2023-05-24', 'tiendas', 18.28, 291.41);
insert into ticket (folio, fecha, tipo, descuento, costoUnitario) values (800180, '2022-12-15', 'comida', 28.0, 218.87);
insert into ticket (folio, fecha, tipo, descuento, costoUnitario) values (800181, '2023-11-15', 'comida', 12.01, 203.67);
insert into ticket (folio, fecha, tipo, descuento, costoUnitario) values (800182, '2023-07-31', 'comida', 23.38, 266.04);
insert into ticket (folio, fecha, tipo, descuento, costoUnitario) values (800183, '2022-12-06', 'bano', 48.5, 137.95);
insert into ticket (folio, fecha, tipo, descuento, costoUnitario) values (800184, '2023-04-24', 'comida', 3.16, 159.2);
insert into ticket (folio, fecha, tipo, descuento, costoUnitario) values (800185, '2023-05-05', 'bano', 1.72, 291.79);
insert into ticket (folio, fecha, tipo, descuento, costoUnitario) values (800186, '2023-09-10', 'comida', 5.15, 231.8);
insert into ticket (folio, fecha, tipo, descuento, costoUnitario) values (800187, '2023-08-31', 'tiendas', 15.57, 200.29);
insert into ticket (folio, fecha, tipo, descuento, costoUnitario) values (800188, '2023-02-25', 'tiendas', 20.56, 138.86);
insert into ticket (folio, fecha, tipo, descuento, costoUnitario) values (800189, '2023-01-07', 'bano', 9.85, 192.92);
insert into ticket (folio, fecha, tipo, descuento, costoUnitario) values (800190, '2023-04-04', 'bano', 47.41, 130.8);
insert into ticket (folio, fecha, tipo, descuento, costoUnitario) values (800191, '2023-09-29', 'tiendas', 15.27, 187.35);
insert into ticket (folio, fecha, tipo, descuento, costoUnitario) values (800192, '2023-06-06', 'tiendas', 26.04, 298.67);
insert into ticket (folio, fecha, tipo, descuento, costoUnitario) values (800193, '2023-01-09', 'tiendas', 9.68, 143.57);
insert into ticket (folio, fecha, tipo, descuento, costoUnitario) values (800194, '2023-02-19', 'bano', 39.63, 107.89);
insert into ticket (folio, fecha, tipo, descuento, costoUnitario) values (800195, '2023-06-24', 'tiendas', 9.21, 150.76);
insert into ticket (folio, fecha, tipo, descuento, costoUnitario) values (800196, '2023-05-08', 'comida', 26.88, 166.21);
insert into ticket (folio, fecha, tipo, descuento, costoUnitario) values (800197, '2023-04-13', 'comida', 28.1, 206.97);
insert into ticket (folio, fecha, tipo, descuento, costoUnitario) values (800198, '2023-06-06', 'tiendas', 23.86, 221.67);
insert into ticket (folio, fecha, tipo, descuento, costoUnitario) values (800199, '2023-01-20', 'tiendas', 3.12, 233.4);
insert into ticket (folio, fecha, tipo, descuento, costoUnitario) values (800200, '2023-05-22', 'bano', 40.2, 176.16);
insert into ticket (folio, fecha, tipo, descuento, costoUnitario) values (800201, '2023-08-10', 'tiendas', 11.13, 244.52);
insert into ticket (folio, fecha, tipo, descuento, costoUnitario) values (800202, '2023-06-06', 'comida', 39.97, 177.97);
insert into ticket (folio, fecha, tipo, descuento, costoUnitario) values (800203, '2023-06-01', 'tiendas', 5.86, 241.02);
insert into ticket (folio, fecha, tipo, descuento, costoUnitario) values (800204, '2023-08-10', 'comida', 26.49, 149.3);
insert into ticket (folio, fecha, tipo, descuento, costoUnitario) values (800205, '2023-08-26', 'bano', 41.24, 105.21);
insert into ticket (folio, fecha, tipo, descuento, costoUnitario) values (800206, '2023-05-26', 'comida', 35.14, 269.14);
insert into ticket (folio, fecha, tipo, descuento, costoUnitario) values (800207, '2023-07-24', 'tiendas', 38.21, 287.25);
insert into ticket (folio, fecha, tipo, descuento, costoUnitario) values (800208, '2023-06-14', 'tiendas', 11.12, 125.54);
insert into ticket (folio, fecha, tipo, descuento, costoUnitario) values (800209, '2023-09-18', 'bano', 23.48, 116.54);
insert into ticket (folio, fecha, tipo, descuento, costoUnitario) values (800210, '2023-05-04', 'tiendas', 5.0, 267.44);
insert into ticket (folio, fecha, tipo, descuento, costoUnitario) values (800211, '2022-12-05', 'comida', 13.14, 123.69);
insert into ticket (folio, fecha, tipo, descuento, costoUnitario) values (800212, '2023-04-03', 'bano', 37.39, 288.85);
insert into ticket (folio, fecha, tipo, descuento, costoUnitario) values (800213, '2023-04-06', 'tiendas', 20.7, 271.5);
insert into ticket (folio, fecha, tipo, descuento, costoUnitario) values (800214, '2023-03-14', 'comida', 45.07, 289.49);
insert into ticket (folio, fecha, tipo, descuento, costoUnitario) values (800215, '2023-09-29', 'tiendas', 29.52, 170.52);
insert into ticket (folio, fecha, tipo, descuento, costoUnitario) values (800216, '2023-07-13', 'comida', 42.14, 117.18);
insert into ticket (folio, fecha, tipo, descuento, costoUnitario) values (800217, '2023-07-04', 'comida', 45.56, 245.68);
insert into ticket (folio, fecha, tipo, descuento, costoUnitario) values (800218, '2023-04-24', 'bano', 45.06, 177.16);
insert into ticket (folio, fecha, tipo, descuento, costoUnitario) values (800219, '2023-06-12', 'tiendas', 12.58, 296.72);
insert into ticket (folio, fecha, tipo, descuento, costoUnitario) values (800220, '2023-03-31', 'bano', 38.83, 286.2);
insert into ticket (folio, fecha, tipo, descuento, costoUnitario) values (800221, '2023-09-26', 'comida', 49.27, 146.02);
insert into ticket (folio, fecha, tipo, descuento, costoUnitario) values (800222, '2023-10-09', 'bano', 9.12, 216.69);
insert into ticket (folio, fecha, tipo, descuento, costoUnitario) values (800223, '2023-03-22', 'tiendas', 31.79, 148.82);
insert into ticket (folio, fecha, tipo, descuento, costoUnitario) values (800224, '2023-11-23', 'bano', 2.09, 262.21);
insert into ticket (folio, fecha, tipo, descuento, costoUnitario) values (800225, '2023-07-22', 'comida', 28.43, 126.59);
insert into ticket (folio, fecha, tipo, descuento, costoUnitario) values (800226, '2023-05-20', 'comida', 17.33, 116.93);
insert into ticket (folio, fecha, tipo, descuento, costoUnitario) values (800227, '2023-08-14', 'comida', 15.39, 277.99);
insert into ticket (folio, fecha, tipo, descuento, costoUnitario) values (800228, '2023-09-28', 'comida', 42.27, 178.33);
insert into ticket (folio, fecha, tipo, descuento, costoUnitario) values (800229, '2022-12-25', 'bano', 18.59, 163.73);
insert into ticket (folio, fecha, tipo, descuento, costoUnitario) values (800230, '2023-05-26', 'comida', 7.47, 176.78);
insert into ticket (folio, fecha, tipo, descuento, costoUnitario) values (800231, '2022-12-31', 'bano', 24.31, 132.44);
insert into ticket (folio, fecha, tipo, descuento, costoUnitario) values (800232, '2023-08-03', 'bano', 35.21, 142.67);
insert into ticket (folio, fecha, tipo, descuento, costoUnitario) values (800233, '2023-09-07', 'comida', 18.78, 122.72);
insert into ticket (folio, fecha, tipo, descuento, costoUnitario) values (800234, '2023-08-30', 'bano', 5.44, 227.1);
insert into ticket (folio, fecha, tipo, descuento, costoUnitario) values (800235, '2023-02-02', 'comida', 24.59, 294.92);
insert into ticket (folio, fecha, tipo, descuento, costoUnitario) values (800236, '2023-10-08', 'bano', 40.28, 136.43);
insert into ticket (folio, fecha, tipo, descuento, costoUnitario) values (800237, '2023-11-26', 'bano', 4.35, 204.22);
insert into ticket (folio, fecha, tipo, descuento, costoUnitario) values (800238, '2023-06-12', 'tiendas', 23.83, 113.67);
insert into ticket (folio, fecha, tipo, descuento, costoUnitario) values (800239, '2023-06-01', 'tiendas', 44.59, 122.51);
insert into ticket (folio, fecha, tipo, descuento, costoUnitario) values (800240, '2023-01-17', 'tiendas', 15.34, 223.32);
insert into ticket (folio, fecha, tipo, descuento, costoUnitario) values (800241, '2023-10-10', 'comida', 15.27, 223.74);
insert into ticket (folio, fecha, tipo, descuento, costoUnitario) values (800242, '2023-11-15', 'bano', 12.81, 139.53);
insert into ticket (folio, fecha, tipo, descuento, costoUnitario) values (800243, '2023-07-22', 'tiendas', 35.2, 232.72);
insert into ticket (folio, fecha, tipo, descuento, costoUnitario) values (800244, '2022-12-09', 'tiendas', 8.18, 150.33);
insert into ticket (folio, fecha, tipo, descuento, costoUnitario) values (800245, '2023-08-09', 'bano', 37.49, 116.38);
insert into ticket (folio, fecha, tipo, descuento, costoUnitario) values (800246, '2023-06-23', 'tiendas', 8.63, 145.06);
insert into ticket (folio, fecha, tipo, descuento, costoUnitario) values (800247, '2023-01-18', 'tiendas', 25.01, 156.72);
insert into ticket (folio, fecha, tipo, descuento, costoUnitario) values (800248, '2023-04-06', 'comida', 48.17, 204.6);
insert into ticket (folio, fecha, tipo, descuento, costoUnitario) values (800249, '2023-08-27', 'tiendas', 35.56, 225.3);
insert into ticket (folio, fecha, tipo, descuento, costoUnitario) values (800250, '2023-04-16', 'comida', 36.23, 208.03);
insert into ticket (folio, fecha, tipo, descuento, costoUnitario) values (800251, '2023-03-22', 'bano', 8.01, 251.74);
insert into ticket (folio, fecha, tipo, descuento, costoUnitario) values (800252, '2023-05-22', 'tiendas', 4.98, 117.07);
insert into ticket (folio, fecha, tipo, descuento, costoUnitario) values (800253, '2023-06-14', 'bano', 35.16, 207.72);
insert into ticket (folio, fecha, tipo, descuento, costoUnitario) values (800254, '2023-06-27', 'bano', 39.47, 130.81);
insert into ticket (folio, fecha, tipo, descuento, costoUnitario) values (800255, '2023-09-25', 'comida', 40.26, 233.37);
insert into ticket (folio, fecha, tipo, descuento, costoUnitario) values (800256, '2023-04-17', 'comida', 49.54, 164.93);
insert into ticket (folio, fecha, tipo, descuento, costoUnitario) values (800257, '2023-07-24', 'bano', 40.48, 135.24);
insert into ticket (folio, fecha, tipo, descuento, costoUnitario) values (800258, '2023-08-17', 'tiendas', 2.06, 127.75);
insert into ticket (folio, fecha, tipo, descuento, costoUnitario) values (800259, '2023-10-05', 'comida', 14.26, 137.79);
insert into ticket (folio, fecha, tipo, descuento, costoUnitario) values (800260, '2023-11-09', 'tiendas', 27.51, 248.12);
insert into ticket (folio, fecha, tipo, descuento, costoUnitario) values (800261, '2023-11-03', 'tiendas', 29.37, 288.4);
insert into ticket (folio, fecha, tipo, descuento, costoUnitario) values (800262, '2023-10-06', 'tiendas', 34.72, 143.8);
insert into ticket (folio, fecha, tipo, descuento, costoUnitario) values (800263, '2023-05-04', 'bano', 2.56, 174.74);
insert into ticket (folio, fecha, tipo, descuento, costoUnitario) values (800264, '2023-09-27', 'tiendas', 6.3, 249.5);
insert into ticket (folio, fecha, tipo, descuento, costoUnitario) values (800265, '2022-12-14', 'bano', 16.18, 238.11);
insert into ticket (folio, fecha, tipo, descuento, costoUnitario) values (800266, '2023-11-24', 'tiendas', 46.45, 135.54);
insert into ticket (folio, fecha, tipo, descuento, costoUnitario) values (800267, '2023-03-24', 'bano', 23.44, 127.93);
insert into ticket (folio, fecha, tipo, descuento, costoUnitario) values (800268, '2023-02-22', 'comida', 8.21, 213.91);
insert into ticket (folio, fecha, tipo, descuento, costoUnitario) values (800269, '2023-02-25', 'comida', 7.99, 218.81);
insert into ticket (folio, fecha, tipo, descuento, costoUnitario) values (800270, '2023-05-17', 'tiendas', 29.47, 248.52);
insert into ticket (folio, fecha, tipo, descuento, costoUnitario) values (800271, '2023-05-19', 'comida', 21.61, 285.68);
insert into ticket (folio, fecha, tipo, descuento, costoUnitario) values (800272, '2023-10-01', 'tiendas', 21.67, 297.93);
insert into ticket (folio, fecha, tipo, descuento, costoUnitario) values (800273, '2023-09-16', 'tiendas', 27.21, 297.12);
insert into ticket (folio, fecha, tipo, descuento, costoUnitario) values (800274, '2023-06-01', 'tiendas', 23.81, 216.81);
insert into ticket (folio, fecha, tipo, descuento, costoUnitario) values (800275, '2023-04-12', 'bano', 9.24, 259.45);
insert into ticket (folio, fecha, tipo, descuento, costoUnitario) values (800276, '2023-10-17', 'comida', 45.4, 135.55);
insert into ticket (folio, fecha, tipo, descuento, costoUnitario) values (800277, '2023-06-08', 'tiendas', 44.85, 225.67);
insert into ticket (folio, fecha, tipo, descuento, costoUnitario) values (800278, '2023-01-17', 'tiendas', 43.21, 188.03);
insert into ticket (folio, fecha, tipo, descuento, costoUnitario) values (800279, '2023-10-05', 'tiendas', 15.16, 292.37);
insert into ticket (folio, fecha, tipo, descuento, costoUnitario) values (800280, '2023-02-07', 'tiendas', 8.29, 178.54);
insert into ticket (folio, fecha, tipo, descuento, costoUnitario) values (800281, '2023-05-30', 'bano', 25.75, 181.59);
insert into ticket (folio, fecha, tipo, descuento, costoUnitario) values (800282, '2023-07-22', 'bano', 38.09, 189.19);
insert into ticket (folio, fecha, tipo, descuento, costoUnitario) values (800283, '2023-11-16', 'tiendas', 11.03, 184.85);
insert into ticket (folio, fecha, tipo, descuento, costoUnitario) values (800284, '2022-12-04', 'bano', 20.61, 291.9);
insert into ticket (folio, fecha, tipo, descuento, costoUnitario) values (800285, '2022-12-15', 'comida', 7.57, 197.97);
insert into ticket (folio, fecha, tipo, descuento, costoUnitario) values (800286, '2022-11-28', 'tiendas', 44.21, 201.56);
insert into ticket (folio, fecha, tipo, descuento, costoUnitario) values (800287, '2023-05-09', 'bano', 24.72, 108.59);
insert into ticket (folio, fecha, tipo, descuento, costoUnitario) values (800288, '2023-07-18', 'comida', 34.07, 298.66);
insert into ticket (folio, fecha, tipo, descuento, costoUnitario) values (800289, '2023-08-11', 'comida', 36.06, 222.98);
insert into ticket (folio, fecha, tipo, descuento, costoUnitario) values (800290, '2022-12-08', 'tiendas', 37.74, 286.4);
insert into ticket (folio, fecha, tipo, descuento, costoUnitario) values (800291, '2023-01-09', 'comida', 42.13, 168.4);
insert into ticket (folio, fecha, tipo, descuento, costoUnitario) values (800292, '2023-03-30', 'bano', 29.33, 289.52);
insert into ticket (folio, fecha, tipo, descuento, costoUnitario) values (800293, '2023-04-05', 'tiendas', 40.07, 206.52);
insert into ticket (folio, fecha, tipo, descuento, costoUnitario) values (800294, '2023-03-22', 'bano', 13.01, 242.6);
insert into ticket (folio, fecha, tipo, descuento, costoUnitario) values (800295, '2023-05-06', 'tiendas', 21.5, 207.34);
insert into ticket (folio, fecha, tipo, descuento, costoUnitario) values (800296, '2023-09-21', 'comida', 43.15, 150.82);
insert into ticket (folio, fecha, tipo, descuento, costoUnitario) values (800297, '2023-08-30', 'tiendas', 46.92, 134.62);
insert into ticket (folio, fecha, tipo, descuento, costoUnitario) values (800298, '2023-06-12', 'comida', 1.8, 181.75);
insert into ticket (folio, fecha, tipo, descuento, costoUnitario) values (800299, '2023-05-08', 'comida', 7.05, 241.74);
insert into ticket (folio, fecha, tipo, descuento, costoUnitario) values (800300, '2023-07-14', 'tiendas', 20.83, 269.98);
insert into ticket (folio, fecha, tipo, descuento, costoUnitario) values (800301, '2023-06-10', 'tiendas', 35.1, 270.22);
insert into ticket (folio, fecha, tipo, descuento, costoUnitario) values (800302, '2023-09-16', 'comida', 38.41, 228.89);
insert into ticket (folio, fecha, tipo, descuento, costoUnitario) values (800303, '2023-03-28', 'comida', 7.17, 178.68);
insert into ticket (folio, fecha, tipo, descuento, costoUnitario) values (800304, '2023-02-01', 'bano', 36.58, 248.04);
insert into ticket (folio, fecha, tipo, descuento, costoUnitario) values (800305, '2023-06-30', 'comida', 20.14, 181.05);
insert into ticket (folio, fecha, tipo, descuento, costoUnitario) values (800306, '2023-05-16', 'tiendas', 34.54, 259.47);
insert into ticket (folio, fecha, tipo, descuento, costoUnitario) values (800307, '2023-07-31', 'comida', 4.51, 281.63);
insert into ticket (folio, fecha, tipo, descuento, costoUnitario) values (800308, '2023-10-13', 'tiendas', 21.2, 266.72);
insert into ticket (folio, fecha, tipo, descuento, costoUnitario) values (800309, '2022-11-27', 'comida', 10.48, 259.82);
insert into ticket (folio, fecha, tipo, descuento, costoUnitario) values (800310, '2023-08-16', 'bano', 11.42, 121.27);
insert into ticket (folio, fecha, tipo, descuento, costoUnitario) values (800311, '2023-01-23', 'tiendas', 30.25, 205.33);
insert into ticket (folio, fecha, tipo, descuento, costoUnitario) values (800312, '2023-02-02', 'bano', 42.54, 236.32);
insert into ticket (folio, fecha, tipo, descuento, costoUnitario) values (800313, '2023-05-05', 'comida', 40.56, 222.79);
insert into ticket (folio, fecha, tipo, descuento, costoUnitario) values (800314, '2023-06-15', 'bano', 13.02, 218.01);
insert into ticket (folio, fecha, tipo, descuento, costoUnitario) values (800315, '2023-02-05', 'comida', 8.37, 110.97);
insert into ticket (folio, fecha, tipo, descuento, costoUnitario) values (800316, '2023-11-01', 'tiendas', 37.2, 155.52);
insert into ticket (folio, fecha, tipo, descuento, costoUnitario) values (800317, '2023-11-16', 'comida', 49.85, 109.98);
insert into ticket (folio, fecha, tipo, descuento, costoUnitario) values (800318, '2023-06-26', 'comida', 21.97, 172.49);
insert into ticket (folio, fecha, tipo, descuento, costoUnitario) values (800319, '2023-01-16', 'tiendas', 5.1, 132.24);
insert into ticket (folio, fecha, tipo, descuento, costoUnitario) values (800320, '2023-02-09', 'bano', 41.76, 103.61);
insert into ticket (folio, fecha, tipo, descuento, costoUnitario) values (800321, '2023-08-09', 'comida', 25.16, 218.7);
insert into ticket (folio, fecha, tipo, descuento, costoUnitario) values (800322, '2023-09-27', 'comida', 16.61, 208.35);
insert into ticket (folio, fecha, tipo, descuento, costoUnitario) values (800323, '2023-10-07', 'tiendas', 39.25, 224.84);
insert into ticket (folio, fecha, tipo, descuento, costoUnitario) values (800324, '2023-10-13', 'tiendas', 13.54, 204.1);
insert into ticket (folio, fecha, tipo, descuento, costoUnitario) values (800325, '2023-03-27', 'tiendas', 43.98, 215.63);
insert into ticket (folio, fecha, tipo, descuento, costoUnitario) values (800326, '2023-03-30', 'bano', 34.32, 135.24);
insert into ticket (folio, fecha, tipo, descuento, costoUnitario) values (800327, '2023-11-11', 'bano', 43.25, 131.41);
insert into ticket (folio, fecha, tipo, descuento, costoUnitario) values (800328, '2022-12-25', 'tiendas', 1.07, 249.02);
insert into ticket (folio, fecha, tipo, descuento, costoUnitario) values (800329, '2023-05-28', 'comida', 2.07, 136.47);
insert into ticket (folio, fecha, tipo, descuento, costoUnitario) values (800330, '2023-02-25', 'tiendas', 16.33, 225.85);
insert into ticket (folio, fecha, tipo, descuento, costoUnitario) values (800331, '2023-09-04', 'comida', 19.37, 295.88);
insert into ticket (folio, fecha, tipo, descuento, costoUnitario) values (800332, '2023-08-12', 'tiendas', 46.79, 274.26);
insert into ticket (folio, fecha, tipo, descuento, costoUnitario) values (800333, '2023-10-20', 'comida', 47.73, 104.7);
insert into ticket (folio, fecha, tipo, descuento, costoUnitario) values (800334, '2023-07-27', 'tiendas', 47.58, 139.71);
insert into ticket (folio, fecha, tipo, descuento, costoUnitario) values (800335, '2023-11-04', 'comida', 38.87, 197.23);
insert into ticket (folio, fecha, tipo, descuento, costoUnitario) values (800336, '2023-10-15', 'tiendas', 39.43, 257.96);
insert into ticket (folio, fecha, tipo, descuento, costoUnitario) values (800337, '2023-11-23', 'tiendas', 47.79, 225.3);
insert into ticket (folio, fecha, tipo, descuento, costoUnitario) values (800338, '2022-12-03', 'comida', 40.83, 154.32);
insert into ticket (folio, fecha, tipo, descuento, costoUnitario) values (800339, '2023-08-23', 'bano', 8.62, 292.39);
insert into ticket (folio, fecha, tipo, descuento, costoUnitario) values (800340, '2023-02-22', 'tiendas', 29.96, 258.88);
insert into ticket (folio, fecha, tipo, descuento, costoUnitario) values (800341, '2023-01-02', 'tiendas', 10.57, 279.07);
insert into ticket (folio, fecha, tipo, descuento, costoUnitario) values (800342, '2023-10-07', 'tiendas', 32.7, 120.19);
insert into ticket (folio, fecha, tipo, descuento, costoUnitario) values (800343, '2023-09-13', 'comida', 42.63, 234.05);
insert into ticket (folio, fecha, tipo, descuento, costoUnitario) values (800344, '2023-11-26', 'bano', 42.9, 160.55);
insert into ticket (folio, fecha, tipo, descuento, costoUnitario) values (800345, '2023-03-08', 'tiendas', 25.42, 179.6);
insert into ticket (folio, fecha, tipo, descuento, costoUnitario) values (800346, '2023-09-25', 'comida', 19.37, 250.55);
insert into ticket (folio, fecha, tipo, descuento, costoUnitario) values (800347, '2023-06-21', 'bano', 36.06, 113.88);
insert into ticket (folio, fecha, tipo, descuento, costoUnitario) values (800348, '2023-08-04', 'bano', 9.12, 220.8);
insert into ticket (folio, fecha, tipo, descuento, costoUnitario) values (800349, '2023-03-19', 'tiendas', 23.71, 102.6);
insert into ticket (folio, fecha, tipo, descuento, costoUnitario) values (800350, '2023-06-20', 'comida', 13.2, 104.52);
insert into ticket (folio, fecha, tipo, descuento, costoUnitario) values (800351, '2023-03-16', 'bano', 7.06, 184.63);
insert into ticket (folio, fecha, tipo, descuento, costoUnitario) values (800352, '2023-03-05', 'bano', 47.68, 143.14);
insert into ticket (folio, fecha, tipo, descuento, costoUnitario) values (800353, '2023-07-22', 'comida', 4.57, 129.83);
insert into ticket (folio, fecha, tipo, descuento, costoUnitario) values (800354, '2023-11-07', 'comida', 32.08, 195.1);
insert into ticket (folio, fecha, tipo, descuento, costoUnitario) values (800355, '2023-08-31', 'bano', 9.01, 118.93);
insert into ticket (folio, fecha, tipo, descuento, costoUnitario) values (800356, '2023-03-02', 'tiendas', 41.93, 289.58);
insert into ticket (folio, fecha, tipo, descuento, costoUnitario) values (800357, '2023-06-28', 'bano', 21.77, 197.55);
insert into ticket (folio, fecha, tipo, descuento, costoUnitario) values (800358, '2023-05-17', 'tiendas', 20.73, 171.21);
insert into ticket (folio, fecha, tipo, descuento, costoUnitario) values (800359, '2023-01-28', 'tiendas', 9.03, 204.73);
insert into ticket (folio, fecha, tipo, descuento, costoUnitario) values (800360, '2023-06-28', 'comida', 46.92, 283.27);
insert into ticket (folio, fecha, tipo, descuento, costoUnitario) values (800361, '2023-10-24', 'tiendas', 13.18, 177.04);
insert into ticket (folio, fecha, tipo, descuento, costoUnitario) values (800362, '2023-04-08', 'comida', 42.39, 205.94);
insert into ticket (folio, fecha, tipo, descuento, costoUnitario) values (800363, '2023-07-02', 'bano', 15.08, 153.46);
insert into ticket (folio, fecha, tipo, descuento, costoUnitario) values (800364, '2023-09-30', 'comida', 31.05, 201.91);
insert into ticket (folio, fecha, tipo, descuento, costoUnitario) values (800365, '2023-04-25', 'tiendas', 18.83, 287.0);
insert into ticket (folio, fecha, tipo, descuento, costoUnitario) values (800366, '2023-04-23', 'tiendas', 14.8, 146.5);
insert into ticket (folio, fecha, tipo, descuento, costoUnitario) values (800367, '2023-04-13', 'bano', 6.78, 292.65);
insert into ticket (folio, fecha, tipo, descuento, costoUnitario) values (800368, '2022-12-22', 'comida', 12.48, 138.29);
insert into ticket (folio, fecha, tipo, descuento, costoUnitario) values (800369, '2023-01-08', 'tiendas', 49.54, 221.78);
insert into ticket (folio, fecha, tipo, descuento, costoUnitario) values (800370, '2023-11-02', 'tiendas', 45.6, 182.09);
insert into ticket (folio, fecha, tipo, descuento, costoUnitario) values (800371, '2023-10-05', 'comida', 36.81, 157.59);
insert into ticket (folio, fecha, tipo, descuento, costoUnitario) values (800372, '2023-04-11', 'tiendas', 19.42, 249.94);
insert into ticket (folio, fecha, tipo, descuento, costoUnitario) values (800373, '2023-10-27', 'comida', 5.27, 161.83);
insert into ticket (folio, fecha, tipo, descuento, costoUnitario) values (800374, '2023-04-02', 'comida', 9.41, 227.09);
insert into ticket (folio, fecha, tipo, descuento, costoUnitario) values (800375, '2023-03-08', 'bano', 12.89, 157.08);
insert into ticket (folio, fecha, tipo, descuento, costoUnitario) values (800376, '2023-02-20', 'comida', 18.04, 113.09);
insert into ticket (folio, fecha, tipo, descuento, costoUnitario) values (800377, '2023-07-07', 'comida', 2.79, 298.46);
insert into ticket (folio, fecha, tipo, descuento, costoUnitario) values (800378, '2023-08-19', 'tiendas', 42.4, 119.74);
insert into ticket (folio, fecha, tipo, descuento, costoUnitario) values (800379, '2023-09-29', 'tiendas', 37.95, 263.4);
insert into ticket (folio, fecha, tipo, descuento, costoUnitario) values (800380, '2023-09-07', 'tiendas', 48.92, 153.95);
insert into ticket (folio, fecha, tipo, descuento, costoUnitario) values (800381, '2023-05-14', 'bano', 44.12, 174.47);
insert into ticket (folio, fecha, tipo, descuento, costoUnitario) values (800382, '2023-03-17', 'tiendas', 13.29, 137.46);
insert into ticket (folio, fecha, tipo, descuento, costoUnitario) values (800383, '2023-07-05', 'comida', 19.12, 117.45);
insert into ticket (folio, fecha, tipo, descuento, costoUnitario) values (800384, '2022-12-24', 'tiendas', 32.98, 287.96);
insert into ticket (folio, fecha, tipo, descuento, costoUnitario) values (800385, '2023-09-26', 'comida', 31.46, 268.85);
insert into ticket (folio, fecha, tipo, descuento, costoUnitario) values (800386, '2023-10-16', 'bano', 49.99, 113.32);
insert into ticket (folio, fecha, tipo, descuento, costoUnitario) values (800387, '2023-03-12', 'bano', 28.49, 116.41);
insert into ticket (folio, fecha, tipo, descuento, costoUnitario) values (800388, '2023-07-22', 'comida', 31.43, 163.23);
insert into ticket (folio, fecha, tipo, descuento, costoUnitario) values (800389, '2023-04-08', 'comida', 12.82, 267.44);
insert into ticket (folio, fecha, tipo, descuento, costoUnitario) values (800390, '2023-04-30', 'tiendas', 43.27, 269.26);
insert into ticket (folio, fecha, tipo, descuento, costoUnitario) values (800391, '2023-05-22', 'bano', 25.36, 255.49);
insert into ticket (folio, fecha, tipo, descuento, costoUnitario) values (800392, '2023-08-12', 'tiendas', 1.09, 156.68);
insert into ticket (folio, fecha, tipo, descuento, costoUnitario) values (800393, '2023-07-29', 'tiendas', 10.66, 137.06);
insert into ticket (folio, fecha, tipo, descuento, costoUnitario) values (800394, '2023-08-18', 'bano', 32.96, 277.35);
insert into ticket (folio, fecha, tipo, descuento, costoUnitario) values (800395, '2023-04-05', 'comida', 20.55, 287.08);
insert into ticket (folio, fecha, tipo, descuento, costoUnitario) values (800396, '2023-07-17', 'bano', 15.98, 141.22);
insert into ticket (folio, fecha, tipo, descuento, costoUnitario) values (800397, '2023-07-01', 'bano', 27.7, 296.92);
insert into ticket (folio, fecha, tipo, descuento, costoUnitario) values (800398, '2023-07-25', 'bano', 23.53, 222.73);
insert into ticket (folio, fecha, tipo, descuento, costoUnitario) values (800399, '2023-11-04', 'bano', 11.81, 181.28);
insert into ticket (folio, fecha, tipo, descuento, costoUnitario) values (800400, '2023-10-15', 'bano', 19.77, 165.6);
insert into ticket (folio, fecha, tipo, descuento, costoUnitario) values (800401, '2022-12-27', 'tiendas', 2.73, 147.49);
insert into ticket (folio, fecha, tipo, descuento, costoUnitario) values (800402, '2023-02-19', 'tiendas', 26.54, 113.56);
insert into ticket (folio, fecha, tipo, descuento, costoUnitario) values (800403, '2023-11-09', 'bano', 45.16, 233.84);
insert into ticket (folio, fecha, tipo, descuento, costoUnitario) values (800404, '2023-07-19', 'bano', 42.52, 149.11);
insert into ticket (folio, fecha, tipo, descuento, costoUnitario) values (800405, '2023-07-30', 'tiendas', 42.93, 261.99);
insert into ticket (folio, fecha, tipo, descuento, costoUnitario) values (800406, '2022-12-12', 'tiendas', 36.28, 184.29);
insert into ticket (folio, fecha, tipo, descuento, costoUnitario) values (800407, '2023-01-20', 'bano', 38.48, 199.5);
insert into ticket (folio, fecha, tipo, descuento, costoUnitario) values (800408, '2023-05-12', 'tiendas', 45.26, 107.69);
insert into ticket (folio, fecha, tipo, descuento, costoUnitario) values (800409, '2023-01-14', 'bano', 44.87, 103.14);
insert into ticket (folio, fecha, tipo, descuento, costoUnitario) values (800410, '2023-05-20', 'tiendas', 11.65, 299.46);
insert into ticket (folio, fecha, tipo, descuento, costoUnitario) values (800411, '2023-08-23', 'tiendas', 46.54, 143.97);
insert into ticket (folio, fecha, tipo, descuento, costoUnitario) values (800412, '2023-06-14', 'bano', 1.57, 224.54);
insert into ticket (folio, fecha, tipo, descuento, costoUnitario) values (800413, '2022-12-15', 'tiendas', 19.99, 224.02);
insert into ticket (folio, fecha, tipo, descuento, costoUnitario) values (800414, '2023-05-19', 'bano', 48.55, 189.62);
insert into ticket (folio, fecha, tipo, descuento, costoUnitario) values (800415, '2023-11-15', 'tiendas', 18.83, 121.24);
insert into ticket (folio, fecha, tipo, descuento, costoUnitario) values (800416, '2022-12-22', 'comida', 33.56, 185.81);
insert into ticket (folio, fecha, tipo, descuento, costoUnitario) values (800417, '2023-02-24', 'comida', 22.92, 205.15);
insert into ticket (folio, fecha, tipo, descuento, costoUnitario) values (800418, '2023-03-05', 'bano', 34.27, 240.85);
insert into ticket (folio, fecha, tipo, descuento, costoUnitario) values (800419, '2023-06-11', 'comida', 21.87, 212.92);
insert into ticket (folio, fecha, tipo, descuento, costoUnitario) values (800420, '2023-02-23', 'comida', 43.57, 162.99);
insert into ticket (folio, fecha, tipo, descuento, costoUnitario) values (800421, '2023-01-05', 'bano', 20.09, 241.78);
insert into ticket (folio, fecha, tipo, descuento, costoUnitario) values (800422, '2023-02-12', 'comida', 7.68, 265.35);
insert into ticket (folio, fecha, tipo, descuento, costoUnitario) values (800423, '2023-11-14', 'comida', 35.31, 136.21);
insert into ticket (folio, fecha, tipo, descuento, costoUnitario) values (800424, '2023-03-22', 'tiendas', 24.56, 163.1);
insert into ticket (folio, fecha, tipo, descuento, costoUnitario) values (800425, '2023-08-03', 'bano', 35.28, 169.09);
insert into ticket (folio, fecha, tipo, descuento, costoUnitario) values (800426, '2023-01-02', 'comida', 16.52, 100.72);
insert into ticket (folio, fecha, tipo, descuento, costoUnitario) values (800427, '2023-07-30', 'tiendas', 48.69, 150.59);
insert into ticket (folio, fecha, tipo, descuento, costoUnitario) values (800428, '2023-05-12', 'tiendas', 44.9, 181.45);
insert into ticket (folio, fecha, tipo, descuento, costoUnitario) values (800429, '2022-12-29', 'comida', 1.15, 155.84);
insert into ticket (folio, fecha, tipo, descuento, costoUnitario) values (800430, '2022-12-25', 'bano', 39.72, 172.77);
insert into ticket (folio, fecha, tipo, descuento, costoUnitario) values (800431, '2023-10-23', 'tiendas', 19.88, 262.23);
insert into ticket (folio, fecha, tipo, descuento, costoUnitario) values (800432, '2023-11-04', 'comida', 14.62, 231.79);
insert into ticket (folio, fecha, tipo, descuento, costoUnitario) values (800433, '2023-11-10', 'tiendas', 42.76, 196.18);
insert into ticket (folio, fecha, tipo, descuento, costoUnitario) values (800434, '2023-07-03', 'bano', 37.39, 167.72);
insert into ticket (folio, fecha, tipo, descuento, costoUnitario) values (800435, '2023-04-24', 'tiendas', 34.69, 278.33);
insert into ticket (folio, fecha, tipo, descuento, costoUnitario) values (800436, '2023-09-22', 'comida', 38.17, 260.47);
insert into ticket (folio, fecha, tipo, descuento, costoUnitario) values (800437, '2023-01-12', 'bano', 21.99, 190.27);
insert into ticket (folio, fecha, tipo, descuento, costoUnitario) values (800438, '2023-07-09', 'tiendas', 28.65, 126.98);
insert into ticket (folio, fecha, tipo, descuento, costoUnitario) values (800439, '2023-01-21', 'tiendas', 25.61, 265.68);
insert into ticket (folio, fecha, tipo, descuento, costoUnitario) values (800440, '2023-08-11', 'bano', 43.31, 170.13);
insert into ticket (folio, fecha, tipo, descuento, costoUnitario) values (800441, '2023-09-23', 'tiendas', 27.23, 110.58);
insert into ticket (folio, fecha, tipo, descuento, costoUnitario) values (800442, '2023-11-21', 'comida', 29.05, 136.25);
insert into ticket (folio, fecha, tipo, descuento, costoUnitario) values (800443, '2022-12-13', 'comida', 17.7, 155.78);
insert into ticket (folio, fecha, tipo, descuento, costoUnitario) values (800444, '2023-01-10', 'tiendas', 5.85, 257.85);
insert into ticket (folio, fecha, tipo, descuento, costoUnitario) values (800445, '2023-03-18', 'comida', 10.68, 265.65);
insert into ticket (folio, fecha, tipo, descuento, costoUnitario) values (800446, '2023-07-03', 'comida', 23.64, 133.45);
insert into ticket (folio, fecha, tipo, descuento, costoUnitario) values (800447, '2023-07-03', 'tiendas', 15.01, 160.35);
insert into ticket (folio, fecha, tipo, descuento, costoUnitario) values (800448, '2023-05-18', 'bano', 42.46, 189.97);
insert into ticket (folio, fecha, tipo, descuento, costoUnitario) values (800449, '2022-12-20', 'bano', 35.64, 116.26);
insert into ticket (folio, fecha, tipo, descuento, costoUnitario) values (800450, '2023-04-22', 'comida', 46.08, 190.66);
insert into ticket (folio, fecha, tipo, descuento, costoUnitario) values (800451, '2022-12-21', 'bano', 40.83, 179.26);
insert into ticket (folio, fecha, tipo, descuento, costoUnitario) values (800452, '2022-12-28', 'tiendas', 47.08, 294.13);
insert into ticket (folio, fecha, tipo, descuento, costoUnitario) values (800453, '2023-07-21', 'tiendas', 15.33, 235.12);
insert into ticket (folio, fecha, tipo, descuento, costoUnitario) values (800454, '2022-12-09', 'tiendas', 39.88, 187.6);
insert into ticket (folio, fecha, tipo, descuento, costoUnitario) values (800455, '2023-08-31', 'tiendas', 23.45, 197.38);
insert into ticket (folio, fecha, tipo, descuento, costoUnitario) values (800456, '2022-12-08', 'comida', 36.9, 218.82);
insert into ticket (folio, fecha, tipo, descuento, costoUnitario) values (800457, '2023-03-09', 'bano', 19.24, 158.96);
insert into ticket (folio, fecha, tipo, descuento, costoUnitario) values (800458, '2023-01-10', 'comida', 12.93, 140.56);
insert into ticket (folio, fecha, tipo, descuento, costoUnitario) values (800459, '2023-09-06', 'bano', 48.65, 225.89);
insert into ticket (folio, fecha, tipo, descuento, costoUnitario) values (800460, '2023-05-06', 'comida', 30.9, 278.97);
insert into ticket (folio, fecha, tipo, descuento, costoUnitario) values (800461, '2023-08-14', 'bano', 38.42, 207.7);
insert into ticket (folio, fecha, tipo, descuento, costoUnitario) values (800462, '2023-10-09', 'bano', 23.57, 164.81);
insert into ticket (folio, fecha, tipo, descuento, costoUnitario) values (800463, '2022-12-28', 'tiendas', 13.03, 200.1);
insert into ticket (folio, fecha, tipo, descuento, costoUnitario) values (800464, '2022-12-13', 'tiendas', 19.23, 124.86);
insert into ticket (folio, fecha, tipo, descuento, costoUnitario) values (800465, '2023-08-14', 'tiendas', 22.04, 162.94);
insert into ticket (folio, fecha, tipo, descuento, costoUnitario) values (800466, '2023-01-24', 'tiendas', 19.44, 298.6);
insert into ticket (folio, fecha, tipo, descuento, costoUnitario) values (800467, '2023-01-21', 'comida', 42.16, 292.0);
insert into ticket (folio, fecha, tipo, descuento, costoUnitario) values (800468, '2023-07-11', 'tiendas', 17.21, 244.13);
insert into ticket (folio, fecha, tipo, descuento, costoUnitario) values (800469, '2023-07-17', 'tiendas', 29.75, 235.85);
insert into ticket (folio, fecha, tipo, descuento, costoUnitario) values (800470, '2023-02-28', 'tiendas', 13.78, 164.76);
insert into ticket (folio, fecha, tipo, descuento, costoUnitario) values (800471, '2023-01-19', 'comida', 30.91, 139.74);
insert into ticket (folio, fecha, tipo, descuento, costoUnitario) values (800472, '2023-03-15', 'tiendas', 3.04, 206.55);
insert into ticket (folio, fecha, tipo, descuento, costoUnitario) values (800473, '2023-09-18', 'tiendas', 29.43, 167.83);
insert into ticket (folio, fecha, tipo, descuento, costoUnitario) values (800474, '2023-03-02', 'comida', 49.93, 271.22);
insert into ticket (folio, fecha, tipo, descuento, costoUnitario) values (800475, '2023-06-08', 'bano', 41.85, 130.59);
insert into ticket (folio, fecha, tipo, descuento, costoUnitario) values (800476, '2023-03-12', 'bano', 20.36, 271.59);
insert into ticket (folio, fecha, tipo, descuento, costoUnitario) values (800477, '2023-05-05', 'bano', 49.39, 193.04);
insert into ticket (folio, fecha, tipo, descuento, costoUnitario) values (800478, '2023-08-04', 'tiendas', 21.94, 173.6);
insert into ticket (folio, fecha, tipo, descuento, costoUnitario) values (800479, '2023-04-02', 'bano', 38.02, 297.19);
insert into ticket (folio, fecha, tipo, descuento, costoUnitario) values (800480, '2023-04-18', 'tiendas', 3.64, 287.69);
insert into ticket (folio, fecha, tipo, descuento, costoUnitario) values (800481, '2023-01-07', 'bano', 7.52, 294.56);
insert into ticket (folio, fecha, tipo, descuento, costoUnitario) values (800482, '2023-08-26', 'tiendas', 18.96, 165.73);
insert into ticket (folio, fecha, tipo, descuento, costoUnitario) values (800483, '2023-10-11', 'tiendas', 35.58, 293.68);
insert into ticket (folio, fecha, tipo, descuento, costoUnitario) values (800484, '2023-08-19', 'bano', 36.72, 136.24);
insert into ticket (folio, fecha, tipo, descuento, costoUnitario) values (800485, '2023-10-25', 'bano', 8.39, 271.72);
insert into ticket (folio, fecha, tipo, descuento, costoUnitario) values (800486, '2023-06-15', 'bano', 4.29, 204.62);
insert into ticket (folio, fecha, tipo, descuento, costoUnitario) values (800487, '2023-06-22', 'bano', 28.66, 282.07);
insert into ticket (folio, fecha, tipo, descuento, costoUnitario) values (800488, '2022-12-08', 'tiendas', 31.05, 285.32);
insert into ticket (folio, fecha, tipo, descuento, costoUnitario) values (800489, '2023-02-18', 'tiendas', 10.25, 137.38);
insert into ticket (folio, fecha, tipo, descuento, costoUnitario) values (800490, '2022-11-28', 'bano', 14.86, 270.85);
insert into ticket (folio, fecha, tipo, descuento, costoUnitario) values (800491, '2023-01-13', 'bano', 6.84, 160.69);
insert into ticket (folio, fecha, tipo, descuento, costoUnitario) values (800492, '2023-06-22', 'tiendas', 26.82, 193.46);
insert into ticket (folio, fecha, tipo, descuento, costoUnitario) values (800493, '2023-05-25', 'bano', 12.34, 167.34);
insert into ticket (folio, fecha, tipo, descuento, costoUnitario) values (800494, '2023-01-07', 'tiendas', 11.32, 257.92);
insert into ticket (folio, fecha, tipo, descuento, costoUnitario) values (800495, '2023-06-11', 'tiendas', 3.17, 196.9);
insert into ticket (folio, fecha, tipo, descuento, costoUnitario) values (800496, '2023-01-11', 'comida', 29.68, 204.56);
insert into ticket (folio, fecha, tipo, descuento, costoUnitario) values (800497, '2023-08-03', 'comida', 44.2, 118.12);
insert into ticket (folio, fecha, tipo, descuento, costoUnitario) values (800498, '2023-08-27', 'bano', 19.85, 198.79);
insert into ticket (folio, fecha, tipo, descuento, costoUnitario) values (800499, '2023-03-24', 'bano', 45.15, 298.71);
insert into ticket (folio, fecha, tipo, descuento, costoUnitario) values (800500, '2023-08-31', 'bano', 47.79, 284.1);

-- generar
insert into generar (idPersona, folio) values (10626, 800001);
insert into generar (idPersona, folio) values (10748, 800002);
insert into generar (idPersona, folio) values (10675, 800003);
insert into generar (idPersona, folio) values (10721, 800004);
insert into generar (idPersona, folio) values (10675, 800005);
insert into generar (idPersona, folio) values (10643, 800006);
insert into generar (idPersona, folio) values (10604, 800007);
insert into generar (idPersona, folio) values (10720, 800008);
insert into generar (idPersona, folio) values (10634, 800009);
insert into generar (idPersona, folio) values (10750, 800010);
insert into generar (idPersona, folio) values (10601, 800011);
insert into generar (idPersona, folio) values (10692, 800012);
insert into generar (idPersona, folio) values (10794, 800013);
insert into generar (idPersona, folio) values (10626, 800014);
insert into generar (idPersona, folio) values (10762, 800015);
insert into generar (idPersona, folio) values (10750, 800016);
insert into generar (idPersona, folio) values (10690, 800017);
insert into generar (idPersona, folio) values (10626, 800018);
insert into generar (idPersona, folio) values (10681, 800019);
insert into generar (idPersona, folio) values (10716, 800020);
insert into generar (idPersona, folio) values (10757, 800021);
insert into generar (idPersona, folio) values (10678, 800022);
insert into generar (idPersona, folio) values (10646, 800023);
insert into generar (idPersona, folio) values (10705, 800024);
insert into generar (idPersona, folio) values (10602, 800025);
insert into generar (idPersona, folio) values (10752, 800026);
insert into generar (idPersona, folio) values (10634, 800027);
insert into generar (idPersona, folio) values (10613, 800028);
insert into generar (idPersona, folio) values (10600, 800029);
insert into generar (idPersona, folio) values (10772, 800030);
insert into generar (idPersona, folio) values (10655, 800031);
insert into generar (idPersona, folio) values (10795, 800032);
insert into generar (idPersona, folio) values (10707, 800033);
insert into generar (idPersona, folio) values (10679, 800034);
insert into generar (idPersona, folio) values (10738, 800035);
insert into generar (idPersona, folio) values (10724, 800036);
insert into generar (idPersona, folio) values (10741, 800037);
insert into generar (idPersona, folio) values (10787, 800038);
insert into generar (idPersona, folio) values (10750, 800039);
insert into generar (idPersona, folio) values (10620, 800040);
insert into generar (idPersona, folio) values (10685, 800041);
insert into generar (idPersona, folio) values (10616, 800042);
insert into generar (idPersona, folio) values (10671, 800043);
insert into generar (idPersona, folio) values (10789, 800044);
insert into generar (idPersona, folio) values (10611, 800045);
insert into generar (idPersona, folio) values (10630, 800046);
insert into generar (idPersona, folio) values (10637, 800047);
insert into generar (idPersona, folio) values (10781, 800048);
insert into generar (idPersona, folio) values (10745, 800049);
insert into generar (idPersona, folio) values (10639, 800050);
insert into generar (idPersona, folio) values (10744, 800051);
insert into generar (idPersona, folio) values (10706, 800052);
insert into generar (idPersona, folio) values (10610, 800053);
insert into generar (idPersona, folio) values (10656, 800054);
insert into generar (idPersona, folio) values (10757, 800055);
insert into generar (idPersona, folio) values (10726, 800056);
insert into generar (idPersona, folio) values (10666, 800057);
insert into generar (idPersona, folio) values (10608, 800058);
insert into generar (idPersona, folio) values (10742, 800059);
insert into generar (idPersona, folio) values (10741, 800060);
insert into generar (idPersona, folio) values (10779, 800061);
insert into generar (idPersona, folio) values (10653, 800062);
insert into generar (idPersona, folio) values (10635, 800063);
insert into generar (idPersona, folio) values (10711, 800064);
insert into generar (idPersona, folio) values (10647, 800065);
insert into generar (idPersona, folio) values (10726, 800066);
insert into generar (idPersona, folio) values (10789, 800067);
insert into generar (idPersona, folio) values (10653, 800068);
insert into generar (idPersona, folio) values (10727, 800069);
insert into generar (idPersona, folio) values (10783, 800070);
insert into generar (idPersona, folio) values (10619, 800071);
insert into generar (idPersona, folio) values (10625, 800072);
insert into generar (idPersona, folio) values (10791, 800073);
insert into generar (idPersona, folio) values (10793, 800074);
insert into generar (idPersona, folio) values (10788, 800075);
insert into generar (idPersona, folio) values (10640, 800076);
insert into generar (idPersona, folio) values (10712, 800077);
insert into generar (idPersona, folio) values (10660, 800078);
insert into generar (idPersona, folio) values (10796, 800079);
insert into generar (idPersona, folio) values (10716, 800080);
insert into generar (idPersona, folio) values (10715, 800081);
insert into generar (idPersona, folio) values (10722, 800082);
insert into generar (idPersona, folio) values (10771, 800083);
insert into generar (idPersona, folio) values (10723, 800084);
insert into generar (idPersona, folio) values (10729, 800085);
insert into generar (idPersona, folio) values (10670, 800086);
insert into generar (idPersona, folio) values (10674, 800087);
insert into generar (idPersona, folio) values (10799, 800088);
insert into generar (idPersona, folio) values (10784, 800089);
insert into generar (idPersona, folio) values (10700, 800090);
insert into generar (idPersona, folio) values (10722, 800091);
insert into generar (idPersona, folio) values (10714, 800092);
insert into generar (idPersona, folio) values (10662, 800093);
insert into generar (idPersona, folio) values (10636, 800094);
insert into generar (idPersona, folio) values (10715, 800095);
insert into generar (idPersona, folio) values (10761, 800096);
insert into generar (idPersona, folio) values (10668, 800097);
insert into generar (idPersona, folio) values (10647, 800098);
insert into generar (idPersona, folio) values (10660, 800099);
insert into generar (idPersona, folio) values (10698, 800100);
insert into generar (idPersona, folio) values (10792, 800101);
insert into generar (idPersona, folio) values (10655, 800102);
insert into generar (idPersona, folio) values (10606, 800103);
insert into generar (idPersona, folio) values (10608, 800104);
insert into generar (idPersona, folio) values (10682, 800105);
insert into generar (idPersona, folio) values (10782, 800106);
insert into generar (idPersona, folio) values (10649, 800107);
insert into generar (idPersona, folio) values (10770, 800108);
insert into generar (idPersona, folio) values (10608, 800109);
insert into generar (idPersona, folio) values (10657, 800110);
insert into generar (idPersona, folio) values (10601, 800111);
insert into generar (idPersona, folio) values (10774, 800112);
insert into generar (idPersona, folio) values (10708, 800113);
insert into generar (idPersona, folio) values (10604, 800114);
insert into generar (idPersona, folio) values (10785, 800115);
insert into generar (idPersona, folio) values (10688, 800116);
insert into generar (idPersona, folio) values (10674, 800117);
insert into generar (idPersona, folio) values (10688, 800118);
insert into generar (idPersona, folio) values (10779, 800119);
insert into generar (idPersona, folio) values (10737, 800120);
insert into generar (idPersona, folio) values (10764, 800121);
insert into generar (idPersona, folio) values (10616, 800122);
insert into generar (idPersona, folio) values (10724, 800123);
insert into generar (idPersona, folio) values (10664, 800124);
insert into generar (idPersona, folio) values (10660, 800125);
insert into generar (idPersona, folio) values (10716, 800126);
insert into generar (idPersona, folio) values (10715, 800127);
insert into generar (idPersona, folio) values (10755, 800128);
insert into generar (idPersona, folio) values (10752, 800129);
insert into generar (idPersona, folio) values (10776, 800130);
insert into generar (idPersona, folio) values (10736, 800131);
insert into generar (idPersona, folio) values (10657, 800132);
insert into generar (idPersona, folio) values (10619, 800133);
insert into generar (idPersona, folio) values (10662, 800134);
insert into generar (idPersona, folio) values (10628, 800135);
insert into generar (idPersona, folio) values (10751, 800136);
insert into generar (idPersona, folio) values (10786, 800137);
insert into generar (idPersona, folio) values (10659, 800138);
insert into generar (idPersona, folio) values (10759, 800139);
insert into generar (idPersona, folio) values (10669, 800140);
insert into generar (idPersona, folio) values (10673, 800141);
insert into generar (idPersona, folio) values (10714, 800142);
insert into generar (idPersona, folio) values (10775, 800143);
insert into generar (idPersona, folio) values (10605, 800144);
insert into generar (idPersona, folio) values (10608, 800145);
insert into generar (idPersona, folio) values (10610, 800146);
insert into generar (idPersona, folio) values (10654, 800147);
insert into generar (idPersona, folio) values (10714, 800148);
insert into generar (idPersona, folio) values (10702, 800149);
insert into generar (idPersona, folio) values (10748, 800150);
insert into generar (idPersona, folio) values (10625, 800151);
insert into generar (idPersona, folio) values (10660, 800152);
insert into generar (idPersona, folio) values (10625, 800153);
insert into generar (idPersona, folio) values (10650, 800154);
insert into generar (idPersona, folio) values (10714, 800155);
insert into generar (idPersona, folio) values (10780, 800156);
insert into generar (idPersona, folio) values (10689, 800157);
insert into generar (idPersona, folio) values (10678, 800158);
insert into generar (idPersona, folio) values (10754, 800159);
insert into generar (idPersona, folio) values (10729, 800160);
insert into generar (idPersona, folio) values (10686, 800161);
insert into generar (idPersona, folio) values (10659, 800162);
insert into generar (idPersona, folio) values (10757, 800163);
insert into generar (idPersona, folio) values (10626, 800164);
insert into generar (idPersona, folio) values (10623, 800165);
insert into generar (idPersona, folio) values (10783, 800166);
insert into generar (idPersona, folio) values (10703, 800167);
insert into generar (idPersona, folio) values (10678, 800168);
insert into generar (idPersona, folio) values (10762, 800169);
insert into generar (idPersona, folio) values (10611, 800170);
insert into generar (idPersona, folio) values (10779, 800171);
insert into generar (idPersona, folio) values (10786, 800172);
insert into generar (idPersona, folio) values (10700, 800173);
insert into generar (idPersona, folio) values (10792, 800174);
insert into generar (idPersona, folio) values (10759, 800175);
insert into generar (idPersona, folio) values (10679, 800176);
insert into generar (idPersona, folio) values (10610, 800177);
insert into generar (idPersona, folio) values (10747, 800178);
insert into generar (idPersona, folio) values (10759, 800179);
insert into generar (idPersona, folio) values (10603, 800180);
insert into generar (idPersona, folio) values (10702, 800181);
insert into generar (idPersona, folio) values (10685, 800182);
insert into generar (idPersona, folio) values (10716, 800183);
insert into generar (idPersona, folio) values (10643, 800184);
insert into generar (idPersona, folio) values (10601, 800185);
insert into generar (idPersona, folio) values (10601, 800186);
insert into generar (idPersona, folio) values (10606, 800187);
insert into generar (idPersona, folio) values (10699, 800188);
insert into generar (idPersona, folio) values (10664, 800189);
insert into generar (idPersona, folio) values (10748, 800190);
insert into generar (idPersona, folio) values (10614, 800191);
insert into generar (idPersona, folio) values (10767, 800192);
insert into generar (idPersona, folio) values (10722, 800193);
insert into generar (idPersona, folio) values (10756, 800194);
insert into generar (idPersona, folio) values (10678, 800195);
insert into generar (idPersona, folio) values (10617, 800196);
insert into generar (idPersona, folio) values (10620, 800197);
insert into generar (idPersona, folio) values (10643, 800198);
insert into generar (idPersona, folio) values (10741, 800199);
insert into generar (idPersona, folio) values (10673, 800200);
insert into generar (idPersona, folio) values (10654, 800201);
insert into generar (idPersona, folio) values (10681, 800202);
insert into generar (idPersona, folio) values (10627, 800203);
insert into generar (idPersona, folio) values (10799, 800204);
insert into generar (idPersona, folio) values (10719, 800205);
insert into generar (idPersona, folio) values (10788, 800206);
insert into generar (idPersona, folio) values (10629, 800207);
insert into generar (idPersona, folio) values (10656, 800208);
insert into generar (idPersona, folio) values (10733, 800209);
insert into generar (idPersona, folio) values (10613, 800210);
insert into generar (idPersona, folio) values (10653, 800211);
insert into generar (idPersona, folio) values (10667, 800212);
insert into generar (idPersona, folio) values (10744, 800213);
insert into generar (idPersona, folio) values (10606, 800214);
insert into generar (idPersona, folio) values (10646, 800215);
insert into generar (idPersona, folio) values (10654, 800216);
insert into generar (idPersona, folio) values (10719, 800217);
insert into generar (idPersona, folio) values (10783, 800218);
insert into generar (idPersona, folio) values (10667, 800219);
insert into generar (idPersona, folio) values (10712, 800220);
insert into generar (idPersona, folio) values (10648, 800221);
insert into generar (idPersona, folio) values (10774, 800222);
insert into generar (idPersona, folio) values (10604, 800223);
insert into generar (idPersona, folio) values (10763, 800224);
insert into generar (idPersona, folio) values (10616, 800225);
insert into generar (idPersona, folio) values (10713, 800226);
insert into generar (idPersona, folio) values (10732, 800227);
insert into generar (idPersona, folio) values (10693, 800228);
insert into generar (idPersona, folio) values (10606, 800229);
insert into generar (idPersona, folio) values (10733, 800230);
insert into generar (idPersona, folio) values (10740, 800231);
insert into generar (idPersona, folio) values (10600, 800232);
insert into generar (idPersona, folio) values (10720, 800233);
insert into generar (idPersona, folio) values (10749, 800234);
insert into generar (idPersona, folio) values (10636, 800235);
insert into generar (idPersona, folio) values (10676, 800236);
insert into generar (idPersona, folio) values (10779, 800237);
insert into generar (idPersona, folio) values (10615, 800238);
insert into generar (idPersona, folio) values (10631, 800239);
insert into generar (idPersona, folio) values (10761, 800240);
insert into generar (idPersona, folio) values (10679, 800241);
insert into generar (idPersona, folio) values (10724, 800242);
insert into generar (idPersona, folio) values (10742, 800243);
insert into generar (idPersona, folio) values (10672, 800244);
insert into generar (idPersona, folio) values (10745, 800245);
insert into generar (idPersona, folio) values (10706, 800246);
insert into generar (idPersona, folio) values (10649, 800247);
insert into generar (idPersona, folio) values (10789, 800248);
insert into generar (idPersona, folio) values (10646, 800249);
insert into generar (idPersona, folio) values (10610, 800250);
insert into generar (idPersona, folio) values (10748, 800251);
insert into generar (idPersona, folio) values (10601, 800252);
insert into generar (idPersona, folio) values (10656, 800253);
insert into generar (idPersona, folio) values (10640, 800254);
insert into generar (idPersona, folio) values (10763, 800255);
insert into generar (idPersona, folio) values (10789, 800256);
insert into generar (idPersona, folio) values (10782, 800257);
insert into generar (idPersona, folio) values (10725, 800258);
insert into generar (idPersona, folio) values (10604, 800259);
insert into generar (idPersona, folio) values (10647, 800260);
insert into generar (idPersona, folio) values (10657, 800261);
insert into generar (idPersona, folio) values (10622, 800262);
insert into generar (idPersona, folio) values (10727, 800263);
insert into generar (idPersona, folio) values (10625, 800264);
insert into generar (idPersona, folio) values (10726, 800265);
insert into generar (idPersona, folio) values (10697, 800266);
insert into generar (idPersona, folio) values (10687, 800267);
insert into generar (idPersona, folio) values (10778, 800268);
insert into generar (idPersona, folio) values (10689, 800269);
insert into generar (idPersona, folio) values (10706, 800270);
insert into generar (idPersona, folio) values (10676, 800271);
insert into generar (idPersona, folio) values (10613, 800272);
insert into generar (idPersona, folio) values (10794, 800273);
insert into generar (idPersona, folio) values (10755, 800274);
insert into generar (idPersona, folio) values (10673, 800275);
insert into generar (idPersona, folio) values (10749, 800276);
insert into generar (idPersona, folio) values (10641, 800277);
insert into generar (idPersona, folio) values (10795, 800278);
insert into generar (idPersona, folio) values (10776, 800279);
insert into generar (idPersona, folio) values (10668, 800280);
insert into generar (idPersona, folio) values (10747, 800281);
insert into generar (idPersona, folio) values (10694, 800282);
insert into generar (idPersona, folio) values (10657, 800283);
insert into generar (idPersona, folio) values (10630, 800284);
insert into generar (idPersona, folio) values (10724, 800285);
insert into generar (idPersona, folio) values (10650, 800286);
insert into generar (idPersona, folio) values (10691, 800287);
insert into generar (idPersona, folio) values (10692, 800288);
insert into generar (idPersona, folio) values (10785, 800289);
insert into generar (idPersona, folio) values (10770, 800290);
insert into generar (idPersona, folio) values (10722, 800291);
insert into generar (idPersona, folio) values (10660, 800292);
insert into generar (idPersona, folio) values (10675, 800293);
insert into generar (idPersona, folio) values (10712, 800294);
insert into generar (idPersona, folio) values (10780, 800295);
insert into generar (idPersona, folio) values (10797, 800296);
insert into generar (idPersona, folio) values (10753, 800297);
insert into generar (idPersona, folio) values (10715, 800298);
insert into generar (idPersona, folio) values (10657, 800299);
insert into generar (idPersona, folio) values (10710, 800300);
insert into generar (idPersona, folio) values (10673, 800301);
insert into generar (idPersona, folio) values (10627, 800302);
insert into generar (idPersona, folio) values (10647, 800303);
insert into generar (idPersona, folio) values (10609, 800304);
insert into generar (idPersona, folio) values (10669, 800305);
insert into generar (idPersona, folio) values (10670, 800306);
insert into generar (idPersona, folio) values (10604, 800307);
insert into generar (idPersona, folio) values (10633, 800308);
insert into generar (idPersona, folio) values (10692, 800309);
insert into generar (idPersona, folio) values (10794, 800310);
insert into generar (idPersona, folio) values (10786, 800311);
insert into generar (idPersona, folio) values (10766, 800312);
insert into generar (idPersona, folio) values (10783, 800313);
insert into generar (idPersona, folio) values (10671, 800314);
insert into generar (idPersona, folio) values (10793, 800315);
insert into generar (idPersona, folio) values (10660, 800316);
insert into generar (idPersona, folio) values (10662, 800317);
insert into generar (idPersona, folio) values (10714, 800318);
insert into generar (idPersona, folio) values (10795, 800319);
insert into generar (idPersona, folio) values (10717, 800320);
insert into generar (idPersona, folio) values (10614, 800321);
insert into generar (idPersona, folio) values (10620, 800322);
insert into generar (idPersona, folio) values (10607, 800323);
insert into generar (idPersona, folio) values (10791, 800324);
insert into generar (idPersona, folio) values (10721, 800325);
insert into generar (idPersona, folio) values (10734, 800326);
insert into generar (idPersona, folio) values (10763, 800327);
insert into generar (idPersona, folio) values (10766, 800328);
insert into generar (idPersona, folio) values (10608, 800329);
insert into generar (idPersona, folio) values (10651, 800330);
insert into generar (idPersona, folio) values (10712, 800331);
insert into generar (idPersona, folio) values (10763, 800332);
insert into generar (idPersona, folio) values (10772, 800333);
insert into generar (idPersona, folio) values (10632, 800334);
insert into generar (idPersona, folio) values (10639, 800335);
insert into generar (idPersona, folio) values (10634, 800336);
insert into generar (idPersona, folio) values (10766, 800337);
insert into generar (idPersona, folio) values (10739, 800338);
insert into generar (idPersona, folio) values (10725, 800339);
insert into generar (idPersona, folio) values (10686, 800340);
insert into generar (idPersona, folio) values (10623, 800341);
insert into generar (idPersona, folio) values (10643, 800342);
insert into generar (idPersona, folio) values (10758, 800343);
insert into generar (idPersona, folio) values (10789, 800344);
insert into generar (idPersona, folio) values (10676, 800345);
insert into generar (idPersona, folio) values (10675, 800346);
insert into generar (idPersona, folio) values (10730, 800347);
insert into generar (idPersona, folio) values (10718, 800348);
insert into generar (idPersona, folio) values (10771, 800349);
insert into generar (idPersona, folio) values (10678, 800350);
insert into generar (idPersona, folio) values (10789, 800351);
insert into generar (idPersona, folio) values (10700, 800352);
insert into generar (idPersona, folio) values (10602, 800353);
insert into generar (idPersona, folio) values (10778, 800354);
insert into generar (idPersona, folio) values (10615, 800355);
insert into generar (idPersona, folio) values (10643, 800356);
insert into generar (idPersona, folio) values (10735, 800357);
insert into generar (idPersona, folio) values (10734, 800358);
insert into generar (idPersona, folio) values (10782, 800359);
insert into generar (idPersona, folio) values (10784, 800360);
insert into generar (idPersona, folio) values (10770, 800361);
insert into generar (idPersona, folio) values (10649, 800362);
insert into generar (idPersona, folio) values (10736, 800363);
insert into generar (idPersona, folio) values (10659, 800364);
insert into generar (idPersona, folio) values (10656, 800365);
insert into generar (idPersona, folio) values (10756, 800366);
insert into generar (idPersona, folio) values (10726, 800367);
insert into generar (idPersona, folio) values (10692, 800368);
insert into generar (idPersona, folio) values (10777, 800369);
insert into generar (idPersona, folio) values (10770, 800370);
insert into generar (idPersona, folio) values (10617, 800371);
insert into generar (idPersona, folio) values (10653, 800372);
insert into generar (idPersona, folio) values (10620, 800373);
insert into generar (idPersona, folio) values (10776, 800374);
insert into generar (idPersona, folio) values (10649, 800375);
insert into generar (idPersona, folio) values (10622, 800376);
insert into generar (idPersona, folio) values (10735, 800377);
insert into generar (idPersona, folio) values (10628, 800378);
insert into generar (idPersona, folio) values (10714, 800379);
insert into generar (idPersona, folio) values (10614, 800380);
insert into generar (idPersona, folio) values (10743, 800381);
insert into generar (idPersona, folio) values (10612, 800382);
insert into generar (idPersona, folio) values (10758, 800383);
insert into generar (idPersona, folio) values (10619, 800384);
insert into generar (idPersona, folio) values (10732, 800385);
insert into generar (idPersona, folio) values (10708, 800386);
insert into generar (idPersona, folio) values (10754, 800387);
insert into generar (idPersona, folio) values (10700, 800388);
insert into generar (idPersona, folio) values (10798, 800389);
insert into generar (idPersona, folio) values (10790, 800390);
insert into generar (idPersona, folio) values (10705, 800391);
insert into generar (idPersona, folio) values (10718, 800392);
insert into generar (idPersona, folio) values (10783, 800393);
insert into generar (idPersona, folio) values (10629, 800394);
insert into generar (idPersona, folio) values (10751, 800395);
insert into generar (idPersona, folio) values (10622, 800396);
insert into generar (idPersona, folio) values (10692, 800397);
insert into generar (idPersona, folio) values (10657, 800398);
insert into generar (idPersona, folio) values (10729, 800399);
insert into generar (idPersona, folio) values (10739, 800400);
insert into generar (idPersona, folio) values (10756, 800401);
insert into generar (idPersona, folio) values (10696, 800402);
insert into generar (idPersona, folio) values (10615, 800403);
insert into generar (idPersona, folio) values (10776, 800404);
insert into generar (idPersona, folio) values (10737, 800405);
insert into generar (idPersona, folio) values (10774, 800406);
insert into generar (idPersona, folio) values (10625, 800407);
insert into generar (idPersona, folio) values (10750, 800408);
insert into generar (idPersona, folio) values (10711, 800409);
insert into generar (idPersona, folio) values (10702, 800410);
insert into generar (idPersona, folio) values (10789, 800411);
insert into generar (idPersona, folio) values (10651, 800412);
insert into generar (idPersona, folio) values (10607, 800413);
insert into generar (idPersona, folio) values (10716, 800414);
insert into generar (idPersona, folio) values (10653, 800415);
insert into generar (idPersona, folio) values (10664, 800416);
insert into generar (idPersona, folio) values (10750, 800417);
insert into generar (idPersona, folio) values (10737, 800418);
insert into generar (idPersona, folio) values (10611, 800419);
insert into generar (idPersona, folio) values (10788, 800420);
insert into generar (idPersona, folio) values (10650, 800421);
insert into generar (idPersona, folio) values (10670, 800422);
insert into generar (idPersona, folio) values (10732, 800423);
insert into generar (idPersona, folio) values (10707, 800424);
insert into generar (idPersona, folio) values (10761, 800425);
insert into generar (idPersona, folio) values (10679, 800426);
insert into generar (idPersona, folio) values (10687, 800427);
insert into generar (idPersona, folio) values (10650, 800428);
insert into generar (idPersona, folio) values (10686, 800429);
insert into generar (idPersona, folio) values (10725, 800430);
insert into generar (idPersona, folio) values (10744, 800431);
insert into generar (idPersona, folio) values (10790, 800432);
insert into generar (idPersona, folio) values (10677, 800433);
insert into generar (idPersona, folio) values (10669, 800434);
insert into generar (idPersona, folio) values (10605, 800435);
insert into generar (idPersona, folio) values (10753, 800436);
insert into generar (idPersona, folio) values (10715, 800437);
insert into generar (idPersona, folio) values (10702, 800438);
insert into generar (idPersona, folio) values (10773, 800439);
insert into generar (idPersona, folio) values (10625, 800440);
insert into generar (idPersona, folio) values (10653, 800441);
insert into generar (idPersona, folio) values (10786, 800442);
insert into generar (idPersona, folio) values (10748, 800443);
insert into generar (idPersona, folio) values (10610, 800444);
insert into generar (idPersona, folio) values (10650, 800445);
insert into generar (idPersona, folio) values (10644, 800446);
insert into generar (idPersona, folio) values (10611, 800447);
insert into generar (idPersona, folio) values (10623, 800448);
insert into generar (idPersona, folio) values (10778, 800449);
insert into generar (idPersona, folio) values (10660, 800450);
insert into generar (idPersona, folio) values (10629, 800451);
insert into generar (idPersona, folio) values (10715, 800452);
insert into generar (idPersona, folio) values (10601, 800453);
insert into generar (idPersona, folio) values (10640, 800454);
insert into generar (idPersona, folio) values (10666, 800455);
insert into generar (idPersona, folio) values (10630, 800456);
insert into generar (idPersona, folio) values (10720, 800457);
insert into generar (idPersona, folio) values (10601, 800458);
insert into generar (idPersona, folio) values (10753, 800459);
insert into generar (idPersona, folio) values (10753, 800460);
insert into generar (idPersona, folio) values (10695, 800461);
insert into generar (idPersona, folio) values (10794, 800462);
insert into generar (idPersona, folio) values (10705, 800463);
insert into generar (idPersona, folio) values (10725, 800464);
insert into generar (idPersona, folio) values (10630, 800465);
insert into generar (idPersona, folio) values (10732, 800466);
insert into generar (idPersona, folio) values (10746, 800467);
insert into generar (idPersona, folio) values (10787, 800468);
insert into generar (idPersona, folio) values (10731, 800469);
insert into generar (idPersona, folio) values (10750, 800470);
insert into generar (idPersona, folio) values (10631, 800471);
insert into generar (idPersona, folio) values (10700, 800472);
insert into generar (idPersona, folio) values (10643, 800473);
insert into generar (idPersona, folio) values (10625, 800474);
insert into generar (idPersona, folio) values (10761, 800475);
insert into generar (idPersona, folio) values (10724, 800476);
insert into generar (idPersona, folio) values (10618, 800477);
insert into generar (idPersona, folio) values (10786, 800478);
insert into generar (idPersona, folio) values (10702, 800479);
insert into generar (idPersona, folio) values (10787, 800480);
insert into generar (idPersona, folio) values (10610, 800481);
insert into generar (idPersona, folio) values (10731, 800482);
insert into generar (idPersona, folio) values (10685, 800483);
insert into generar (idPersona, folio) values (10662, 800484);
insert into generar (idPersona, folio) values (10763, 800485);
insert into generar (idPersona, folio) values (10795, 800486);
insert into generar (idPersona, folio) values (10775, 800487);
insert into generar (idPersona, folio) values (10653, 800488);
insert into generar (idPersona, folio) values (10644, 800489);
insert into generar (idPersona, folio) values (10770, 800490);
insert into generar (idPersona, folio) values (10791, 800491);
insert into generar (idPersona, folio) values (10783, 800492);
insert into generar (idPersona, folio) values (10746, 800493);
insert into generar (idPersona, folio) values (10792, 800494);
insert into generar (idPersona, folio) values (10769, 800495);
insert into generar (idPersona, folio) values (10714, 800496);
insert into generar (idPersona, folio) values (10783, 800497);
insert into generar (idPersona, folio) values (10794, 800498);
insert into generar (idPersona, folio) values (10617, 800499);
insert into generar (idPersona, folio) values (10617, 800500);

-- medicina
insert into medicina (idMedicina, nombre, proveedor, caducidad, refrigeracion, lote, labProcedencia) values (5000, 'Ibuprofen', 10400, '2024-12-17', false, 'gp31405008', 'PharmaCorp');
insert into medicina (idMedicina, nombre, proveedor, caducidad, refrigeracion, lote, labProcedencia) values (5001, 'Amoxicillin', 10401, '2025-08-23', true, 'vk74277759', 'PharmaPlus');
insert into medicina (idMedicina, nombre, proveedor, caducidad, refrigeracion, lote, labProcedencia) values (5002, 'Metoprolol', 10402, '2025-01-03', true, 'sz75109802', 'VitaPharm');
insert into medicina (idMedicina, nombre, proveedor, caducidad, refrigeracion, lote, labProcedencia) values (5003, 'Azithromycin', 10403, '2025-07-16', true, 'ot85674868', 'MediCare');
insert into medicina (idMedicina, nombre, proveedor, caducidad, refrigeracion, lote, labProcedencia) values (5004, 'Gabapentin', 10404, '2026-06-12', true, 'cu74417666', 'HealthFirst');
insert into medicina (idMedicina, nombre, proveedor, caducidad, refrigeracion, lote, labProcedencia) values (5005, 'Losartan', 10405, '2026-02-11', true, 'lk62108421', 'PharmaCorp');
insert into medicina (idMedicina, nombre, proveedor, caducidad, refrigeracion, lote, labProcedencia) values (5006, 'Albuterol', 10406, '2026-06-03', true, 'sh92038093', 'MediHealth');
insert into medicina (idMedicina, nombre, proveedor, caducidad, refrigeracion, lote, labProcedencia) values (5007, 'Fluoxetine', 10407, '2026-01-04', false, 'ud39496409', 'MediGenix');
insert into medicina (idMedicina, nombre, proveedor, caducidad, refrigeracion, lote, labProcedencia) values (5008, 'Metformin', 10408, '2026-04-26', true, 'lh24887740', 'PharmaLife');
insert into medicina (idMedicina, nombre, proveedor, caducidad, refrigeracion, lote, labProcedencia) values (5009, 'Fluoxetine', 10409, '2025-05-16', true, 'td18167840', 'VitaPharm');
insert into medicina (idMedicina, nombre, proveedor, caducidad, refrigeracion, lote, labProcedencia) values (5010, 'Metformin', 10410, '2024-12-21', true, 'jz32084949', 'HealWell');
insert into medicina (idMedicina, nombre, proveedor, caducidad, refrigeracion, lote, labProcedencia) values (5011, 'Fluoxetine', 10411, '2026-06-19', true, 'nz30575434', 'HealthFirst');
insert into medicina (idMedicina, nombre, proveedor, caducidad, refrigeracion, lote, labProcedencia) values (5012, 'Amoxicillin', 10412, '2026-07-13', false, 'an87992183', 'BioGen');
insert into medicina (idMedicina, nombre, proveedor, caducidad, refrigeracion, lote, labProcedencia) values (5013, 'Metformin', 10413, '2025-01-07', false, 'jx47842667', 'HealWell');
insert into medicina (idMedicina, nombre, proveedor, caducidad, refrigeracion, lote, labProcedencia) values (5014, 'Atorvastatin', 10414, '2025-06-16', false, 'ms39297046', 'MediGenix');
insert into medicina (idMedicina, nombre, proveedor, caducidad, refrigeracion, lote, labProcedencia) values (5015, 'Amoxicillin', 10415, '2026-02-10', false, 'ty77818071', 'PharmaPlus');
insert into medicina (idMedicina, nombre, proveedor, caducidad, refrigeracion, lote, labProcedencia) values (5016, 'Amoxicillin', 10416, '2026-08-14', false, 'fd87536218', 'BioGen');
insert into medicina (idMedicina, nombre, proveedor, caducidad, refrigeracion, lote, labProcedencia) values (5017, 'Omeprazole', 10417, '2025-03-14', false, 'qw98850016', 'PharmaLife');
insert into medicina (idMedicina, nombre, proveedor, caducidad, refrigeracion, lote, labProcedencia) values (5018, 'Escitalopram', 10418, '2026-01-25', true, 'uy54861043', 'HealWell');
insert into medicina (idMedicina, nombre, proveedor, caducidad, refrigeracion, lote, labProcedencia) values (5019, 'Azithromycin', 10419, '2025-10-30', false, 'sm80496694', 'HealthFirst');
insert into medicina (idMedicina, nombre, proveedor, caducidad, refrigeracion, lote, labProcedencia) values (5020, 'Atorvastatin', 10420, '2026-05-02', false, 'gs83974249', 'HealthFirst');

--proveerMedicina
insert into proveerMedicina (idPersona, idMedicina) values (10400, 5000);
insert into proveerMedicina (idPersona, idMedicina) values (10401, 5001);
insert into proveerMedicina (idPersona, idMedicina) values (10402, 5002);
insert into proveerMedicina (idPersona, idMedicina) values (10403, 5003);
insert into proveerMedicina (idPersona, idMedicina) values (10404, 5004);
insert into proveerMedicina (idPersona, idMedicina) values (10405, 5005);
insert into proveerMedicina (idPersona, idMedicina) values (10406, 5006);
insert into proveerMedicina (idPersona, idMedicina) values (10407, 5007);
insert into proveerMedicina (idPersona, idMedicina) values (10408, 5008);
insert into proveerMedicina (idPersona, idMedicina) values (10409, 5009);
insert into proveerMedicina (idPersona, idMedicina) values (10410, 5010);
insert into proveerMedicina (idPersona, idMedicina) values (10411, 5011);
insert into proveerMedicina (idPersona, idMedicina) values (10412, 5012);
insert into proveerMedicina (idPersona, idMedicina) values (10413, 5013);
insert into proveerMedicina (idPersona, idMedicina) values (10414, 5014);
insert into proveerMedicina (idPersona, idMedicina) values (10415, 5015);
insert into proveerMedicina (idPersona, idMedicina) values (10416, 5016);
insert into proveerMedicina (idPersona, idMedicina) values (10417, 5017);
insert into proveerMedicina (idPersona, idMedicina) values (10418, 5018);
insert into proveerMedicina (idPersona, idMedicina) values (10419, 5019);
insert into proveerMedicina (idPersona, idMedicina) values (10420, 5020);

--alimento
insert into alimento (idAlimento, nombre, proveedor, caducidad, refrigeracion, tipo) values (6000, 'Happy Tails', 10421, '2025-07-31', false, 'croquetas');
insert into alimento (idAlimento, nombre, proveedor, caducidad, refrigeracion, tipo) values (6001, 'Pawfect Portions', 10422, '2025-09-25', true, 'croquetas');
insert into alimento (idAlimento, nombre, proveedor, caducidad, refrigeracion, tipo) values (6002, 'Furry Friend Feasts', 10423, '2025-09-08', true, 'croquetas');
insert into alimento (idAlimento, nombre, proveedor, caducidad, refrigeracion, tipo) values (6003, 'pollo', 10424, '2025-09-03', false, 'carnes');
insert into alimento (idAlimento, nombre, proveedor, caducidad, refrigeracion, tipo) values (6004, 'pescado', 10425, '2025-07-10', false, 'carnes');
insert into alimento (idAlimento, nombre, proveedor, caducidad, refrigeracion, tipo) values (6005, 'carne', 10426, '2025-10-08', true, 'carnes');
insert into alimento (idAlimento, nombre, proveedor, caducidad, refrigeracion, tipo) values (6006, 'heno', 10427, '2025-11-09', false, 'heno');
insert into alimento (idAlimento, nombre, proveedor, caducidad, refrigeracion, tipo) values (6007, 'manzana', 10428, '2025-04-01', false, 'frutas');
insert into alimento (idAlimento, nombre, proveedor, caducidad, refrigeracion, tipo) values (6008, 'zanahoria', 10429, '2025-03-27', false, 'frutas');
insert into alimento (idAlimento, nombre, proveedor, caducidad, refrigeracion, tipo) values (6009, 'platano', 10430, '2025-08-19', false, 'frutas');
insert into alimento (idAlimento, nombre, proveedor, caducidad, refrigeracion, tipo) values (6010, 'sandia', 10431, '2025-08-19', false, 'frutas');
insert into alimento (idAlimento, nombre, proveedor, caducidad, refrigeracion, tipo) values (6011, 'lechuga', 10432, '2024-12-28', false, 'verduras');
insert into alimento (idAlimento, nombre, proveedor, caducidad, refrigeracion, tipo) values (6012, 'apio', 10433, '2025-11-14', false, 'verduras');
insert into alimento (idAlimento, nombre, proveedor, caducidad, refrigeracion, tipo) values (6013, 'alfalfa', 10434, '2025-02-24', true, 'verduras');
insert into alimento (idAlimento, nombre, proveedor, caducidad, refrigeracion, tipo) values (6014, 'hojas', 10435, '2025-03-30', true, 'verduras');
insert into alimento (idAlimento, nombre, proveedor, caducidad, refrigeracion, tipo) values (6015, 'jitomate', 10436, '2025-03-30', false, 'verduras');
insert into alimento (idAlimento, nombre, proveedor, caducidad, refrigeracion, tipo) values (6016, 'brocoli', 10437, '2025-03-30', false, 'verduras');
insert into alimento (idAlimento, nombre, proveedor, caducidad, refrigeracion, tipo) values (6017, 'girasol', 10438, '2025-09-09', false, 'semillas');
insert into alimento (idAlimento, nombre, proveedor, caducidad, refrigeracion, tipo) values (6018, 'alpiste', 10439, '2025-07-15', false, 'semillas');
insert into alimento (idAlimento, nombre, proveedor, caducidad, refrigeracion, tipo) values (6019, 'trigo', 10440, '2024-11-30', false, 'semillas');
insert into alimento (idAlimento, nombre, proveedor, caducidad, refrigeracion, tipo) values (6020, 'avena', 10441, '2025-07-19', false, 'semillas');

--proveerAlimento
insert into proveerAlimento (idPersona, idAlimento) values (10421, 6000);
insert into proveerAlimento (idPersona, idAlimento) values (10422, 6001);
insert into proveerAlimento (idPersona, idAlimento) values (10423, 6002);
insert into proveerAlimento (idPersona, idAlimento) values (10424, 6003);
insert into proveerAlimento (idPersona, idAlimento) values (10425, 6004);
insert into proveerAlimento (idPersona, idAlimento) values (10426, 6005);
insert into proveerAlimento (idPersona, idAlimento) values (10427, 6006);
insert into proveerAlimento (idPersona, idAlimento) values (10428, 6007);
insert into proveerAlimento (idPersona, idAlimento) values (10429, 6008);
insert into proveerAlimento (idPersona, idAlimento) values (10430, 6009);
insert into proveerAlimento (idPersona, idAlimento) values (10431, 6010);
insert into proveerAlimento (idPersona, idAlimento) values (10432, 6011);
insert into proveerAlimento (idPersona, idAlimento) values (10433, 6012);
insert into proveerAlimento (idPersona, idAlimento) values (10434, 6013);
insert into proveerAlimento (idPersona, idAlimento) values (10435, 6014);
insert into proveerAlimento (idPersona, idAlimento) values (10436, 6015);
insert into proveerAlimento (idPersona, idAlimento) values (10437, 6016);
insert into proveerAlimento (idPersona, idAlimento) values (10438, 6017);
insert into proveerAlimento (idPersona, idAlimento) values (10439, 6018);
insert into proveerAlimento (idPersona, idAlimento) values (10440, 6019);
insert into proveerAlimento (idPersona, idAlimento) values (10441, 6020);

--bioma 
insert into bioma (tipoBioma) values ('desierto');
insert into bioma (tipoBioma) values ('pastizales');
insert into bioma (tipoBioma) values ('franja costera');
insert into bioma (tipoBioma) values ('tundra');
insert into bioma (tipoBioma) values ('aviario');
insert into bioma (tipoBioma) values ('bosque templado');
insert into bioma (tipoBioma) values ('bosque tropical');

--servicio
insert into servicio (tipoBioma, servicio) values ('desierto', 'tienda');
insert into servicio (tipoBioma, servicio) values ('desierto', 'banos');
insert into servicio (tipoBioma, servicio) values ('desierto', 'comida');
insert into servicio (tipoBioma, servicio) values ('pastizales', 'tienda');
insert into servicio (tipoBioma, servicio) values ('pastizales', 'banos');
insert into servicio (tipoBioma, servicio) values ('franja costera', 'comida');
insert into servicio (tipoBioma, servicio) values ('franja costera', 'banos');
insert into servicio (tipoBioma, servicio) values ('franja costera', 'tienda');
insert into servicio (tipoBioma, servicio) values ('tundra', 'banos');
insert into servicio (tipoBioma, servicio) values ('tundra', 'tienda');
insert into servicio (tipoBioma, servicio) values ('aviario', 'comida');
insert into servicio (tipoBioma, servicio) values ('aviario', 'tienda');
insert into servicio (tipoBioma, servicio) values ('aviario', 'banos');
insert into servicio (tipoBioma, servicio) values ('bosque templado', 'comida');
insert into servicio (tipoBioma, servicio) values ('bosque templado', 'banos');
insert into servicio (tipoBioma, servicio) values ('bosque tropical', 'banos');
insert into servicio (tipoBioma, servicio) values ('bosque tropical', 'tienda');

--Distribuir
insert into distribuir (idAlimento, tipobioma) values (6000, 'desierto');
insert into distribuir (idAlimento, tipobioma) values (6001, 'franja costera');
insert into distribuir (idAlimento, tipobioma) values (6002, 'tundra');
insert into distribuir (idAlimento, tipobioma) values (6003, 'franja costera');
insert into distribuir (idAlimento, tipobioma) values (6004, 'franja costera');
insert into distribuir (idAlimento, tipobioma) values (6005, 'pastizales');
insert into distribuir (idAlimento, tipobioma) values (6006, 'bosque tropical');
insert into distribuir (idAlimento, tipobioma) values (6007, 'tundra');
insert into distribuir (idAlimento, tipobioma) values (6008, 'pastizales');
insert into distribuir (idAlimento, tipobioma) values (6009, 'desierto');
insert into distribuir (idAlimento, tipobioma) values (6010, 'aviario');
insert into distribuir (idAlimento, tipobioma) values (6011, 'pastizales');
insert into distribuir (idAlimento, tipobioma) values (6012, 'bosque templado');
insert into distribuir (idAlimento, tipobioma) values (6013, 'franja costera');
insert into distribuir (idAlimento, tipobioma) values (6014, 'franja costera');
insert into distribuir (idAlimento, tipobioma) values (6015, 'aviario');
insert into distribuir (idAlimento, tipobioma) values (6016, 'franja costera');
insert into distribuir (idAlimento, tipobioma) values (6017, 'bosque tropical');
insert into distribuir (idAlimento, tipobioma) values (6018, 'bosque templado');
insert into distribuir (idAlimento, tipobioma) values (6019, 'bosque templado');
insert into distribuir (idAlimento, tipobioma) values (6020, 'pastizales');

--Jaula
insert into jaula (numJaula, tipoBioma) values (1, 'franja costera');
insert into jaula (numJaula, tipoBioma) values (2, 'franja costera');
insert into jaula (numJaula, tipoBioma) values (3, 'franja costera');
insert into jaula (numJaula, tipoBioma) values (4, 'franja costera');
insert into jaula (numJaula, tipoBioma) values (5, 'franja costera');
insert into jaula (numJaula, tipoBioma) values (6, 'franja costera');
insert into jaula (numJaula, tipoBioma) values (7, 'franja costera');
insert into jaula (numJaula, tipoBioma) values (8, 'franja costera');
insert into jaula (numJaula, tipoBioma) values (9, 'franja costera');
insert into jaula (numJaula, tipoBioma) values (10, 'franja costera');
insert into jaula (numJaula, tipoBioma) values (11, 'franja costera');
insert into jaula (numJaula, tipoBioma) values (12, 'franja costera');
insert into jaula (numJaula, tipoBioma) values (13, 'franja costera');
insert into jaula (numJaula, tipoBioma) values (14, 'franja costera');
insert into jaula (numJaula, tipoBioma) values (15, 'franja costera');
insert into jaula (numJaula, tipoBioma) values (16, 'bosque templado');
insert into jaula (numJaula, tipoBioma) values (17, 'bosque templado');
insert into jaula (numJaula, tipoBioma) values (18, 'bosque templado');
insert into jaula (numJaula, tipoBioma) values (19, 'bosque templado');
insert into jaula (numJaula, tipoBioma) values (20, 'bosque templado');
insert into jaula (numJaula, tipoBioma) values (21, 'bosque templado');
insert into jaula (numJaula, tipoBioma) values (22, 'bosque templado');
insert into jaula (numJaula, tipoBioma) values (23, 'bosque templado');
insert into jaula (numJaula, tipoBioma) values (24, 'bosque templado');
insert into jaula (numJaula, tipoBioma) values (25, 'bosque templado');
insert into jaula (numJaula, tipoBioma) values (26, 'bosque templado');
insert into jaula (numJaula, tipoBioma) values (27, 'bosque templado');
insert into jaula (numJaula, tipoBioma) values (28, 'bosque templado');
insert into jaula (numJaula, tipoBioma) values (29, 'bosque templado');
insert into jaula (numJaula, tipoBioma) values (30, 'bosque tropical');
insert into jaula (numJaula, tipoBioma) values (31, 'bosque tropical');
insert into jaula (numJaula, tipoBioma) values (32, 'bosque tropical');
insert into jaula (numJaula, tipoBioma) values (33, 'bosque tropical');
insert into jaula (numJaula, tipoBioma) values (34, 'bosque tropical');
insert into jaula (numJaula, tipoBioma) values (35, 'bosque tropical');
insert into jaula (numJaula, tipoBioma) values (36, 'bosque tropical');
insert into jaula (numJaula, tipoBioma) values (37, 'bosque tropical');
insert into jaula (numJaula, tipoBioma) values (38, 'bosque tropical');
insert into jaula (numJaula, tipoBioma) values (39, 'bosque tropical');
insert into jaula (numJaula, tipoBioma) values (40, 'bosque tropical');
insert into jaula (numJaula, tipoBioma) values (41, 'bosque tropical');
insert into jaula (numJaula, tipoBioma) values (42, 'bosque tropical');
insert into jaula (numJaula, tipoBioma) values (43, 'bosque tropical');
insert into jaula (numJaula, tipoBioma) values (44, 'tundra');
insert into jaula (numJaula, tipoBioma) values (45, 'tundra');
insert into jaula (numJaula, tipoBioma) values (46, 'tundra');
insert into jaula (numJaula, tipoBioma) values (47, 'tundra');
insert into jaula (numJaula, tipoBioma) values (48, 'tundra');
insert into jaula (numJaula, tipoBioma) values (49, 'tundra');
insert into jaula (numJaula, tipoBioma) values (50, 'tundra');
insert into jaula (numJaula, tipoBioma) values (51, 'tundra');
insert into jaula (numJaula, tipoBioma) values (52, 'tundra');
insert into jaula (numJaula, tipoBioma) values (53, 'tundra');
insert into jaula (numJaula, tipoBioma) values (54, 'tundra');
insert into jaula (numJaula, tipoBioma) values (55, 'tundra');
insert into jaula (numJaula, tipoBioma) values (56, 'tundra');
insert into jaula (numJaula, tipoBioma) values (57, 'tundra');
insert into jaula (numJaula, tipoBioma) values (58, 'aviario');
insert into jaula (numJaula, tipoBioma) values (59, 'aviario');
insert into jaula (numJaula, tipoBioma) values (60, 'aviario');
insert into jaula (numJaula, tipoBioma) values (61, 'aviario');
insert into jaula (numJaula, tipoBioma) values (62, 'aviario');
insert into jaula (numJaula, tipoBioma) values (63, 'aviario');
insert into jaula (numJaula, tipoBioma) values (64, 'aviario');
insert into jaula (numJaula, tipoBioma) values (65, 'aviario');
insert into jaula (numJaula, tipoBioma) values (66, 'aviario');
insert into jaula (numJaula, tipoBioma) values (67, 'aviario');
insert into jaula (numJaula, tipoBioma) values (68, 'aviario');
insert into jaula (numJaula, tipoBioma) values (69, 'aviario');
insert into jaula (numJaula, tipoBioma) values (70, 'aviario');
insert into jaula (numJaula, tipoBioma) values (71, 'aviario');
insert into jaula (numJaula, tipoBioma) values (72, 'aviario');
insert into jaula (numJaula, tipoBioma) values (73, 'desierto');
insert into jaula (numJaula, tipoBioma) values (74, 'desierto');
insert into jaula (numJaula, tipoBioma) values (75, 'desierto');
insert into jaula (numJaula, tipoBioma) values (76, 'desierto');
insert into jaula (numJaula, tipoBioma) values (77, 'desierto');
insert into jaula (numJaula, tipoBioma) values (78, 'desierto');
insert into jaula (numJaula, tipoBioma) values (79, 'desierto');
insert into jaula (numJaula, tipoBioma) values (80, 'desierto');
insert into jaula (numJaula, tipoBioma) values (81, 'desierto');
insert into jaula (numJaula, tipoBioma) values (82, 'desierto');
insert into jaula (numJaula, tipoBioma) values (83, 'desierto');
insert into jaula (numJaula, tipoBioma) values (84, 'desierto');
insert into jaula (numJaula, tipoBioma) values (85, 'desierto');
insert into jaula (numJaula, tipoBioma) values (86, 'desierto');
insert into jaula (numJaula, tipoBioma) values (87, 'pastizales');
insert into jaula (numJaula, tipoBioma) values (88, 'pastizales');
insert into jaula (numJaula, tipoBioma) values (89, 'pastizales');
insert into jaula (numJaula, tipoBioma) values (90, 'pastizales');
insert into jaula (numJaula, tipoBioma) values (91, 'pastizales');
insert into jaula (numJaula, tipoBioma) values (92, 'pastizales');
insert into jaula (numJaula, tipoBioma) values (93, 'pastizales');
insert into jaula (numJaula, tipoBioma) values (94, 'pastizales');
insert into jaula (numJaula, tipoBioma) values (95, 'pastizales');
insert into jaula (numJaula, tipoBioma) values (96, 'pastizales');
insert into jaula (numJaula, tipoBioma) values (97, 'pastizales');
insert into jaula (numJaula, tipoBioma) values (98, 'pastizales');
insert into jaula (numJaula, tipoBioma) values (99, 'pastizales');
insert into jaula (numJaula, tipoBioma) values (100, 'pastizales');

--Animal
insert into animal (iDAnimal, numJaula, tipoBioma, idPersona, nombre, especie, peso, altura, sexo, alimentacion, indicacionMed) values (20001, 1, 'franja costera', 10201, 'Max', 'delfin', 120.26, 2.5, 'hembra', 'hervivoro', 'Administrar medicamento una vez al día');
insert into animal (iDAnimal, numJaula, tipoBioma, idPersona, nombre, especie, peso, altura, sexo, alimentacion, indicacionMed) values (20002, 2, 'franja costera', 10202, 'Bella', 'pinguino', 62.12, 4.41, 'hembra', 'hervivoro', 'Evitar que el animal haga ejercicio intenso');
insert into animal (iDAnimal, numJaula, tipoBioma, idPersona, nombre, especie, peso, altura, sexo, alimentacion, indicacionMed) values (20003, 3, 'franja costera', 10204, 'Charlie', 'tortuga', 74.93, 4.85, 'macho', 'hervivoro', 'Aplicar crema en la zona afectada dos veces al día');
insert into animal (iDAnimal, numJaula, tipoBioma, idPersona, nombre, especie, peso, altura, sexo, alimentacion, indicacionMed) values (20004, 4, 'franja costera', 10203, 'Lucy', 'leon marino', 38.64, 2.54, 'hembra', 'carnivoro', 'Administrar pastillas para desparasitar cada 3 meses');
insert into animal (iDAnimal, numJaula, tipoBioma, idPersona, nombre, especie, peso, altura, sexo, alimentacion, indicacionMed) values (20005, 5, 'franja costera', 10203, 'Rocky', 'foca', 15.56, 1.2, 'hembra', 'omnivoro', 'Cambiar el agua del bebedero del animal a diario');
insert into animal (iDAnimal, numJaula, tipoBioma, idPersona, nombre, especie, peso, altura, sexo, alimentacion, indicacionMed) values (20006, 6, 'franja costera', 10205, 'Luna', 'cocodrilo', 34.98, 4.68, 'macho', 'carnivoro', null);
insert into animal (iDAnimal, numJaula, tipoBioma, idPersona, nombre, especie, peso, altura, sexo, alimentacion, indicacionMed) values (20007, 7, 'franja costera', 10208, 'Cooper', 'pulpo', 15.64, 0.31, 'hembra', 'hervivoro', null);
insert into animal (iDAnimal, numJaula, tipoBioma, idPersona, nombre, especie, peso, altura, sexo, alimentacion, indicacionMed) values (20008, 8, 'franja costera', 10205, 'Daisy', 'caiman', 22.72, 0.44, 'hembra', 'omnivoro', 'Administrar gotas en los ojos cada 4 horas');
insert into animal (iDAnimal, numJaula, tipoBioma, idPersona, nombre, especie, peso, altura, sexo, alimentacion, indicacionMed) values (20009, 9, 'franja costera', 10210, 'Teddy', 'medusa', 5.33, 0.72, 'macho', 'omnivoro', null);
insert into animal (iDAnimal, numJaula, tipoBioma, idPersona, nombre, especie, peso, altura, sexo, alimentacion, indicacionMed) values (20010, 10, 'franja costera', 10201, 'Molly', 'delfin', 120.56, 2.3, 'hembra', 'carnivoro', null);
insert into animal (iDAnimal, numJaula, tipoBioma, idPersona, nombre, especie, peso, altura, sexo, alimentacion, indicacionMed) values (20011, 11, 'franja costera', 10202, 'Oliver', 'pinguino', 47.28, 4.63, 'hembra', 'omnivoro', null);
insert into animal (iDAnimal, numJaula, tipoBioma, idPersona, nombre, especie, peso, altura, sexo, alimentacion, indicacionMed) values (20012, 12, 'franja costera', 10204, 'Sadie', 'tortuga', 5.27, 0.49, 'hembra', 'carnivoro', null);
insert into animal (iDAnimal, numJaula, tipoBioma, idPersona, nombre, especie, peso, altura, sexo, alimentacion, indicacionMed) values (20013, 13, 'franja costera', 10203, 'Leo', 'leon marino', 34.08, 0.96, 'macho', 'hervivoro', null);
insert into animal (iDAnimal, numJaula, tipoBioma, idPersona, nombre, especie, peso, altura, sexo, alimentacion, indicacionMed) values (20014, 14, 'franja costera', 10203, 'Ruby', 'foca', 30.72, 1.28, 'macho', 'hervivoro', null);
insert into animal (iDAnimal, numJaula, tipoBioma, idPersona, nombre, especie, peso, altura, sexo, alimentacion, indicacionMed) values (20015, 15, 'franja costera', 10202, 'Coco', 'tiburon', 90.72, 3.28, 'macho', 'hervivoro', null);


insert into animal (iDAnimal, numJaula, tipoBioma, idPersona, nombre, especie, peso, altura, sexo, alimentacion, indicacionMed) values (20016, 16, 'bosque templado', 10208, 'Guinevere', 'mapache', 88.09, 1.77, 'hembra', 'carnivoro', 'Evitar ejercicio intenso');
insert into animal (iDAnimal, numJaula, tipoBioma, idPersona, nombre, especie, peso, altura, sexo, alimentacion, indicacionMed) values (20017, 17, 'bosque templado', 10208, 'Marten', 'castor', 56.0, 3.53, 'hembra', 'omnivoro', 'Aplicar crema en la zona afectada');
insert into animal (iDAnimal, numJaula, tipoBioma, idPersona, nombre, especie, peso, altura, sexo, alimentacion, indicacionMed) values (20018, 18, 'bosque templado', 10210, 'Margalo', 'ciervo', 58.33, 4.38, 'hembra', 'omnivoro', null);
insert into animal (iDAnimal, numJaula, tipoBioma, idPersona, nombre, especie, peso, altura, sexo, alimentacion, indicacionMed) values (20019, 19, 'bosque templado', 10208, 'Derwin', 'topo', 16.59, 2.44, 'macho', 'omnivoro', 'Evitar el contacto con otros animales');
insert into animal (iDAnimal, numJaula, tipoBioma, idPersona, nombre, especie, peso, altura, sexo, alimentacion, indicacionMed) values (20020, 20, 'bosque templado', 10210, 'Kaitlin', 'murcielago', 42.15, 0.07, 'macho', 'omnivoro', null);
insert into animal (iDAnimal, numJaula, tipoBioma, idPersona, nombre, especie, peso, altura, sexo, alimentacion, indicacionMed) values (20021, 21, 'bosque templado', 10209, 'Clayborn', 'tigre', 52.81, 1.75, 'hembra', 'omnivoro', 'Administrar medicamento con comida');
insert into animal (iDAnimal, numJaula, tipoBioma, idPersona, nombre, especie, peso, altura, sexo, alimentacion, indicacionMed) values (20022, 22, 'bosque templado', 10207, 'Emelyne', 'zorro andino', 21.14, 0.08, 'hembra', 'carnivoro', null);
insert into animal (iDAnimal, numJaula, tipoBioma, idPersona, nombre, especie, peso, altura, sexo, alimentacion, indicacionMed) values (20023, 23, 'bosque templado', 10209, 'Mozes', 'caracal africano', 20.36, 1.9, 'hembra', 'omnivoro', null);
insert into animal (iDAnimal, numJaula, tipoBioma, idPersona, nombre, especie, peso, altura, sexo, alimentacion, indicacionMed) values (20024, 24, 'bosque templado', 10206, 'Ara', 'lince', 89.53, 0.9, 'macho', 'carnivoro', null);
insert into animal (iDAnimal, numJaula, tipoBioma, idPersona, nombre, especie, peso, altura, sexo, alimentacion, indicacionMed) values (20025, 25, 'bosque templado', 10207, 'Claire', 'jaguar', 79.25, 4.0, 'hembra', 'hervivoro', null);
insert into animal (iDAnimal, numJaula, tipoBioma, idPersona, nombre, especie, peso, altura, sexo, alimentacion, indicacionMed) values (20026, 26, 'bosque templado', 10208, 'Eimile', 'oso panda gigante', 28.58, 3.76, 'macho', 'carnivoro', 'Aplicar crema en la zona afectada');
insert into animal (iDAnimal, numJaula, tipoBioma, idPersona, nombre, especie, peso, altura, sexo, alimentacion, indicacionMed) values (20027, 27, 'bosque templado', 10210, 'Marthena', 'oso pardo', 22.63, 4.8, 'macho', 'hervivoro', 'Cepillar los dientes regularmente');
insert into animal (iDAnimal, numJaula, tipoBioma, idPersona, nombre, especie, peso, altura, sexo, alimentacion, indicacionMed) values (20028, 28, 'bosque templado', 10207, 'Kelcy', 'jaguar', 14.13, 3.91, 'macho', 'carnivoro', null);
insert into animal (iDAnimal, numJaula, tipoBioma, idPersona, nombre, especie, peso, altura, sexo, alimentacion, indicacionMed) values (20029, 29, 'bosque templado', 10207, 'Carey', 'zorro andino', 50.31, 4.05, 'macho', 'hervivoro', 'Administrar suplemento vitamínico');



insert into animal (iDAnimal, numJaula, tipoBioma, idPersona, nombre, especie, peso, altura, sexo, alimentacion, indicacionMed) values (20030, 30, 'bosque tropical', 10212, 'Newton', 'jabali', 99.09, 1.38, 'macho', 'carnivoro', 'Mantener hidratado');
insert into animal (iDAnimal, numJaula, tipoBioma, idPersona, nombre, especie, peso, altura, sexo, alimentacion, indicacionMed) values (20031, 31, 'bosque tropical', 10211, 'Aubree', 'mono arana', 48.42, 2.66, 'macho', 'carnivoro', null);
insert into animal (iDAnimal, numJaula, tipoBioma, idPersona, nombre, especie, peso, altura, sexo, alimentacion, indicacionMed) values (20032, 32, 'bosque tropical', 10211, 'Mariana', 'mono aullador', 75.24, 3.55, 'hembra', 'hervivoro', 'Tomar una banana al día');
insert into animal (iDAnimal, numJaula, tipoBioma, idPersona, nombre, especie, peso, altura, sexo, alimentacion, indicacionMed) values (20033, 33, 'bosque tropical', 10214, 'Pietra', 'venado cola blanca', 89.43, 3.07, 'hembra', 'hervivoro', null);
insert into animal (iDAnimal, numJaula, tipoBioma, idPersona, nombre, especie, peso, altura, sexo, alimentacion, indicacionMed) values (20034, 34, 'bosque tropical', 10213, 'Fidela', 'tapir', 47.5, 2.17, 'macho', 'hervivoro', null);
insert into animal (iDAnimal, numJaula, tipoBioma, idPersona, nombre, especie, peso, altura, sexo, alimentacion, indicacionMed) values (20035, 35, 'bosque tropical', 10214, 'Pierce', 'perezoso', 59.87, 0.83, 'hembra', 'omnivoro', null);
insert into animal (iDAnimal, numJaula, tipoBioma, idPersona, nombre, especie, peso, altura, sexo, alimentacion, indicacionMed) values (20036, 36, 'bosque tropical', 10212, 'Ofilia', 'tlacuache dorado', 27.87, 4.17, 'macho', 'carnivoro', 'Mantener una dieta balanceada');
insert into animal (iDAnimal, numJaula, tipoBioma, idPersona, nombre, especie, peso, altura, sexo, alimentacion, indicacionMed) values (20037, 37, 'bosque tropical', 10214, 'Loralyn', 'rana de cristal', 41.94, 4.62, 'macho', 'hervivoro', null);
insert into animal (iDAnimal, numJaula, tipoBioma, idPersona, nombre, especie, peso, altura, sexo, alimentacion, indicacionMed) values (20038, 38, 'bosque tropical', 10212, 'Dotty', 'jabali', 39.6, 4.91, 'hembra', 'omnivoro', null);
insert into animal (iDAnimal, numJaula, tipoBioma, idPersona, nombre, especie, peso, altura, sexo, alimentacion, indicacionMed) values (20039, 39, 'bosque tropical', 10211, 'Marillin', 'mono arana', 37.17, 3.89, 'macho', 'omnivoro', 'Realizar ejercicio trepando árboles');
insert into animal (iDAnimal, numJaula, tipoBioma, idPersona, nombre, especie, peso, altura, sexo, alimentacion, indicacionMed) values (20040, 40, 'bosque tropical', 10211, 'Bonnie', 'mono aullador', 59.83, 2.33, 'hembra', 'omnivoro', 'Evitar el estrés');
insert into animal (iDAnimal, numJaula, tipoBioma, idPersona, nombre, especie, peso, altura, sexo, alimentacion, indicacionMed) values (20041, 41, 'bosque tropical', 10214, 'Margret', 'venado cola blanca', 27.89, 1.87, 'macho', 'carnivoro', 'Realizar revisiones médicas regulares');
insert into animal (iDAnimal, numJaula, tipoBioma, idPersona, nombre, especie, peso, altura, sexo, alimentacion, indicacionMed) values (20042, 42, 'bosque tropical', 10213, 'Jen', 'tapir', 66.28, 2.09, 'macho', 'carnivoro', null);
insert into animal (iDAnimal, numJaula, tipoBioma, idPersona, nombre, especie, peso, altura, sexo, alimentacion, indicacionMed) values (20043, 43, 'bosque tropical', 10214, 'Idalia', 'perezoso', 84.32, 1.21, 'macho', 'hervivoro', null);


insert into animal (iDAnimal, numJaula, tipoBioma, idPersona, nombre, especie, peso, altura, sexo, alimentacion, indicacionMed) values (20044, 44, 'tundra', 10215, 'Noell', 'lobo marino', 12.6, 3.24, 'hembra', 'omnivoro', 'Consumir frutas y verduras');
insert into animal (iDAnimal, numJaula, tipoBioma, idPersona, nombre, especie, peso, altura, sexo, alimentacion, indicacionMed) values (20045, 45, 'tundra', 10219, 'Nerita', 'zorro artico', 44.69, 3.37, 'hembra', 'carnivoro', null);
insert into animal (iDAnimal, numJaula, tipoBioma, idPersona, nombre, especie, peso, altura, sexo, alimentacion, indicacionMed) values (20046, 46, 'tundra', 10216, 'Sean', 'oso polar', 43.53, 1.31, 'hembra', 'omnivoro', 'Realizar revisiones médicas regulares');
insert into animal (iDAnimal, numJaula, tipoBioma, idPersona, nombre, especie, peso, altura, sexo, alimentacion, indicacionMed) values (20047, 47, 'tundra', 10217, 'Gerrie', 'lobo gris', 21.9, 4.93, 'hembra', 'carnivoro', null);
insert into animal (iDAnimal, numJaula, tipoBioma, idPersona, nombre, especie, peso, altura, sexo, alimentacion, indicacionMed) values (20048, 48, 'tundra', 10219, 'Randy', 'caribu', 55.16, 2.56, 'hembra', 'hervivoro', 'Mantener una dieta balanceada');
insert into animal (iDAnimal, numJaula, tipoBioma, idPersona, nombre, especie, peso, altura, sexo, alimentacion, indicacionMed) values (20049, 49, 'tundra', 10218, 'Yoko', 'reno', 26.33, 4.61, 'hembra', 'hervivoro', 'Mantener una dieta balanceada');
insert into animal (iDAnimal, numJaula, tipoBioma, idPersona, nombre, especie, peso, altura, sexo, alimentacion, indicacionMed) values (20050, 50, 'tundra', 10218, 'Fredric', 'buey', 66.6, 2.92, 'macho', 'hervivoro', null);
insert into animal (iDAnimal, numJaula, tipoBioma, idPersona, nombre, especie, peso, altura, sexo, alimentacion, indicacionMed) values (20051, 51, 'tundra', 10219, 'Ricardo', 'liebre blanca', 23.94, 0.07, 'macho', 'hervivoro', null);
insert into animal (iDAnimal, numJaula, tipoBioma, idPersona, nombre, especie, peso, altura, sexo, alimentacion, indicacionMed) values (20052, 52, 'tundra', 10215, 'Blane', 'lobo marino', 89.38, 1.27, 'hembra', 'hervivoro', null);
insert into animal (iDAnimal, numJaula, tipoBioma, idPersona, nombre, especie, peso, altura, sexo, alimentacion, indicacionMed) values (20053, 53, 'tundra', 10219, 'Zoe', 'zorro artico', 89.48, 0.75, 'macho', 'omnivoro', null);
insert into animal (iDAnimal, numJaula, tipoBioma, idPersona, nombre, especie, peso, altura, sexo, alimentacion, indicacionMed) values (20054, 54, 'tundra', 10216, 'Fianna', 'oso polar', 25.39, 3.5, 'hembra', 'hervivoro', null);
insert into animal (iDAnimal, numJaula, tipoBioma, idPersona, nombre, especie, peso, altura, sexo, alimentacion, indicacionMed) values (20055, 55, 'tundra', 10217, 'Melessa', 'lobo gris', 76.56, 1.57, 'macho', 'omnivoro', null);
insert into animal (iDAnimal, numJaula, tipoBioma, idPersona, nombre, especie, peso, altura, sexo, alimentacion, indicacionMed) values (20056, 56, 'tundra', 10219, 'Ray', 'caribu', 95.48, 1.64, 'hembra', 'hervivoro', 'Mantener hidratado');
insert into animal (iDAnimal, numJaula, tipoBioma, idPersona, nombre, especie, peso, altura, sexo, alimentacion, indicacionMed) values (20057, 57, 'tundra', 10218, 'Feodora', 'reno', 49.89, 2.79, 'macho', 'hervivoro', null);



insert into animal (iDAnimal, numJaula, tipoBioma, idPersona, nombre, especie, peso, altura, sexo, alimentacion, indicacionMed) values (20058, 58, 'aviario', 10220, 'Laryssa', 'flamenco', 40.78, 4.36, 'macho', 'hervivoro', null);
insert into animal (iDAnimal, numJaula, tipoBioma, idPersona, nombre, especie, peso, altura, sexo, alimentacion, indicacionMed) values (20059, 59, 'aviario', 10222, 'Wald', 'aguila real', 85.99, 2.86, 'hembra', 'carnivoro', null);
insert into animal (iDAnimal, numJaula, tipoBioma, idPersona, nombre, especie, peso, altura, sexo, alimentacion, indicacionMed) values (20060, 60, 'aviario', 10221, 'Gretel', 'tucan', 45.49, 4.44, 'macho', 'omnivoro', null);
insert into animal (iDAnimal, numJaula, tipoBioma, idPersona, nombre, especie, peso, altura, sexo, alimentacion, indicacionMed) values (20061, 61, 'aviario', 10220, 'Meggi', 'pato', 44.97, 1.29, 'hembra', 'hervivoro', 'Consumir frutas y verduras');
insert into animal (iDAnimal, numJaula, tipoBioma, idPersona, nombre, especie, peso, altura, sexo, alimentacion, indicacionMed) values (20062, 62, 'aviario', 10222, 'Marlowe', 'buho', 82.77, 0.79, 'macho', 'carnivoro', null);
insert into animal (iDAnimal, numJaula, tipoBioma, idPersona, nombre, especie, peso, altura, sexo, alimentacion, indicacionMed) values (20063, 63, 'aviario', 10221, 'Benson', 'guacamaya verde', 79.39, 2.96, 'macho', 'carnivoro', null);
insert into animal (iDAnimal, numJaula, tipoBioma, idPersona, nombre, especie, peso, altura, sexo, alimentacion, indicacionMed) values (20064, 64, 'aviario', 10221, 'Kayla', 'guacamaya oro azul', 92.97, 2.1, 'macho', 'omnivoro', 'Realizar revisiones médicas regulares');
insert into animal (iDAnimal, numJaula, tipoBioma, idPersona, nombre, especie, peso, altura, sexo, alimentacion, indicacionMed) values (20065, 65, 'aviario', 10223, 'Kathe', 'pavo real', 22.24, 2.61, 'hembra', 'omnivoro', null);
insert into animal (iDAnimal, numJaula, tipoBioma, idPersona, nombre, especie, peso, altura, sexo, alimentacion, indicacionMed) values (20066, 66, 'aviario', 10223, 'Trudie', 'cisne', 78.7, 0.39, 'macho', 'carnivoro', null);
insert into animal (iDAnimal, numJaula, tipoBioma, idPersona, nombre, especie, peso, altura, sexo, alimentacion, indicacionMed) values (20067, 67, 'aviario', 10224, 'Joete', 'avestruz', 10.37, 0.08, 'hembra', 'omnivoro', null);
insert into animal (iDAnimal, numJaula, tipoBioma, idPersona, nombre, especie, peso, altura, sexo, alimentacion, indicacionMed) values (20068, 68, 'aviario', 10222, 'Pancho', 'buho', 62.73, 3.31, 'hembra', 'omnivoro', null);
insert into animal (iDAnimal, numJaula, tipoBioma, idPersona, nombre, especie, peso, altura, sexo, alimentacion, indicacionMed) values (20069, 69, 'aviario', 10221, 'Wallie', 'loro', 89.71, 4.31, 'hembra', 'hervivoro', 'Consumir frutas y verduras');
insert into animal (iDAnimal, numJaula, tipoBioma, idPersona, nombre, especie, peso, altura, sexo, alimentacion, indicacionMed) values (20070, 70, 'aviario', 10223, 'Tris', 'pelicano', 66.77, 1.19, 'hembra', 'carnivoro', null);
insert into animal (iDAnimal, numJaula, tipoBioma, idPersona, nombre, especie, peso, altura, sexo, alimentacion, indicacionMed) values (20071, 71, 'aviario', 10223, 'Riobard', 'garza', 69.23, 2.07, 'macho', 'hervivoro', null);
insert into animal (iDAnimal, numJaula, tipoBioma, idPersona, nombre, especie, peso, altura, sexo, alimentacion, indicacionMed) values (20072, 72, 'aviario', 10220, 'Percy', 'flamenco', 16.02, 1.26, 'hembra', 'carnivoro', null);


insert into animal (iDAnimal, numJaula, tipoBioma, idPersona, nombre, especie, peso, altura, sexo, alimentacion, indicacionMed) values (20073, 73, 'desierto', 10227, 'Kelbee', 'coyote', 76.04, 4.57, 'hembra', 'carnivoro', null);
insert into animal (iDAnimal, numJaula, tipoBioma, idPersona, nombre, especie, peso, altura, sexo, alimentacion, indicacionMed) values (20074, 74, 'desierto', 10228, 'Karine', 'canguro', 58.12, 1.15, 'macho', 'omnivoro', 'Mantener una dieta balanceada');
insert into animal (iDAnimal, numJaula, tipoBioma, idPersona, nombre, especie, peso, altura, sexo, alimentacion, indicacionMed) values (20075, 75, 'desierto', 10228, 'Percival', 'suricara', 38.33, 2.29, 'macho', 'carnivoro', null);
insert into animal (iDAnimal, numJaula, tipoBioma, idPersona, nombre, especie, peso, altura, sexo, alimentacion, indicacionMed) values (20076, 76, 'desierto', 10228, 'Grant', 'camello', 11.61, 1.12, 'macho', 'hervivoro', 'Evitar el estrés');
insert into animal (iDAnimal, numJaula, tipoBioma, idPersona, nombre, especie, peso, altura, sexo, alimentacion, indicacionMed) values (20077, 77, 'desierto', 10226, 'Lorita', 'serpiente', 38.1, 4.49, 'macho', 'omnivoro', null);
insert into animal (iDAnimal, numJaula, tipoBioma, idPersona, nombre, especie, peso, altura, sexo, alimentacion, indicacionMed) values (20078, 78, 'desierto', 10227, 'Levin', 'vuitre', 14.47, 0.62, 'hembra', 'omnivoro', null);
insert into animal (iDAnimal, numJaula, tipoBioma, idPersona, nombre, especie, peso, altura, sexo, alimentacion, indicacionMed) values (20079, 79, 'desierto', 10227, 'Celina', 'hiena', 23.38, 2.69, 'macho', 'omnivoro', null);
insert into animal (iDAnimal, numJaula, tipoBioma, idPersona, nombre, especie, peso, altura, sexo, alimentacion, indicacionMed) values (20080, 80, 'desierto', 10227, 'Talia', 'elefante', 16.35, 3.89, 'macho', 'carnivoro', null);
insert into animal (iDAnimal, numJaula, tipoBioma, idPersona, nombre, especie, peso, altura, sexo, alimentacion, indicacionMed) values (20081, 81, 'desierto', 10228, 'Lesya', 'jirafa', 27.21, 3.18, 'macho', 'hervivoro', 'Consumir frutas y verduras');
insert into animal (iDAnimal, numJaula, tipoBioma, idPersona, nombre, especie, peso, altura, sexo, alimentacion, indicacionMed) values (20082, 82, 'desierto', 10227, 'Dara', 'coyote', 57.79, 0.51, 'hembra', 'carnivoro', 'Mantener una dieta balanceada');
insert into animal (iDAnimal, numJaula, tipoBioma, idPersona, nombre, especie, peso, altura, sexo, alimentacion, indicacionMed) values (20083, 83, 'desierto', 10227, 'Charissa', 'leon', 23.95, 0.64, 'macho', 'omnivoro', 'Mantenerse hidratado');
insert into animal (iDAnimal, numJaula, tipoBioma, idPersona, nombre, especie, peso, altura, sexo, alimentacion, indicacionMed) values (20084, 84, 'desierto', 10226, 'Roselin', 'armadillo', 37.98, 3.71, 'hembra', 'hervivoro', null);
insert into animal (iDAnimal, numJaula, tipoBioma, idPersona, nombre, especie, peso, altura, sexo, alimentacion, indicacionMed) values (20085, 85, 'desierto', 10226, 'Gelya', 'escorpion', 71.38, 1.9, 'hembra', 'hervivoro', null);
insert into animal (iDAnimal, numJaula, tipoBioma, idPersona, nombre, especie, peso, altura, sexo, alimentacion, indicacionMed) values (20086, 86, 'desierto', 10228, 'Boothe', 'jirafa', 25.83, 2.56, 'macho', 'hervivoro', null);

insert into animal (iDAnimal, numJaula, tipoBioma, idPersona, nombre, especie, peso, altura, sexo, alimentacion, indicacionMed) values (20087, 87, 'pastizales', 10230, 'Shannan', 'bisonte', 52.77, 2.86, 'macho', 'carnivoro', 'Evitar el estrés');
insert into animal (iDAnimal, numJaula, tipoBioma, idPersona, nombre, especie, peso, altura, sexo, alimentacion, indicacionMed) values (20088, 88, 'pastizales', 10229, 'Muire', 'antilope', 77.6, 2.01, 'macho', 'hervivoro', 'Evitar el contacto con serpientes');
insert into animal (iDAnimal, numJaula, tipoBioma, idPersona, nombre, especie, peso, altura, sexo, alimentacion, indicacionMed) values (20089, 89, 'pastizales', 10229, 'Hartwell', 'perrito de pradera', 29.06, 4.22, 'hembra', 'carnivoro', 'Evitar el consumo de alimentos procesados');
insert into animal (iDAnimal, numJaula, tipoBioma, idPersona, nombre, especie, peso, altura, sexo, alimentacion, indicacionMed) values (20090, 90, 'pastizales', 10230, 'Arie', 'berrendo', 35.8, 4.78, 'macho', 'carnivoro', 'Realizar ejercicio trepando árboles');
insert into animal (iDAnimal, numJaula, tipoBioma, idPersona, nombre, especie, peso, altura, sexo, alimentacion, indicacionMed) values (20091, 91, 'pastizales', 10230, 'Tony', 'puercoesín', 34.89, 1.97, 'macho', 'hervivoro', 'Mantener una dieta balanceada');
insert into animal (iDAnimal, numJaula, tipoBioma, idPersona, nombre, especie, peso, altura, sexo, alimentacion, indicacionMed) values (20092, 92, 'pastizales', 10229, 'Misti', 'liebre', 27.07, 3.55, 'hembra', 'omnivoro', 'Realizar revisiones médicas regulares');
insert into animal (iDAnimal, numJaula, tipoBioma, idPersona, nombre, especie, peso, altura, sexo, alimentacion, indicacionMed) values (20093, 93, 'pastizales', 10229, 'Ulick', 'conejo', 20.52, 2.41, 'hembra', 'hervivoro', 'Mantenerse hidratado');
insert into animal (iDAnimal, numJaula, tipoBioma, idPersona, nombre, especie, peso, altura, sexo, alimentacion, indicacionMed) values (20094, 94, 'pastizales', 10230, 'Daveen', 'bisonte', 23.98, 1.25, 'macho', 'hervivoro', 'Tomar una banana al día');
insert into animal (iDAnimal, numJaula, tipoBioma, idPersona, nombre, especie, peso, altura, sexo, alimentacion, indicacionMed) values (20095, 95, 'pastizales', 10229, 'Jarrid', 'antilope', 34.15, 1.05, 'macho', 'omnivoro', 'Mantener una dieta balanceada');
insert into animal (iDAnimal, numJaula, tipoBioma, idPersona, nombre, especie, peso, altura, sexo, alimentacion, indicacionMed) values (20096, 96, 'pastizales', 10229, 'Tonia', 'perrito de pradera', 47.87, 3.77, 'hembra', 'omnivoro', 'Tomar una banana al día');
insert into animal (iDAnimal, numJaula, tipoBioma, idPersona, nombre, especie, peso, altura, sexo, alimentacion, indicacionMed) values (20097, 97, 'pastizales', 10230, 'Cornie', 'berrendo', 81.24, 3.31, 'hembra', 'omnivoro', 'Consumir frutas y verduras');
insert into animal (iDAnimal, numJaula, tipoBioma, idPersona, nombre, especie, peso, altura, sexo, alimentacion, indicacionMed) values (20098, 98, 'pastizales', 10230, 'Currie', 'puercoesín', 36.5, 4.48, 'hembra', 'carnivoro', 'Consumir frutas y verduras');
insert into animal (iDAnimal, numJaula, tipoBioma, idPersona, nombre, especie, peso, altura, sexo, alimentacion, indicacionMed) values (20099, 99, 'pastizales', 10229, 'Sal', 'liebre', 85.21, 3.07, 'hembra', 'carnivoro', 'Tomar una banana al día');
insert into animal (iDAnimal, numJaula, tipoBioma, idPersona, nombre, especie, peso, altura, sexo, alimentacion, indicacionMed) values (20100, 100, 'pastizales', 10229, 'Rochell', 'conejo', 80.65, 4.91, 'macho', 'hervivoro', 'Realizar ejercicio trepando árboles');

--atender
insert into atender (idPersona, idAnimal) values (10000, 20027);
insert into atender (idPersona, idAnimal) values (10001, 20009);
insert into atender (idPersona, idAnimal) values (10002, 20055);
insert into atender (idPersona, idAnimal) values (10003, 20034);
insert into atender (idPersona, idAnimal) values (10004, 20066);
insert into atender (idPersona, idAnimal) values (10005, 20060);
insert into atender (idPersona, idAnimal) values (10006, 20043);
insert into atender (idPersona, idAnimal) values (10007, 20018);
insert into atender (idPersona, idAnimal) values (10008, 20042);
insert into atender (idPersona, idAnimal) values (10009, 20099);
insert into atender (idPersona, idAnimal) values (10010, 20050);
insert into atender (idPersona, idAnimal) values (10011, 20078);
insert into atender (idPersona, idAnimal) values (10012, 20036);
insert into atender (idPersona, idAnimal) values (10013, 20061);
insert into atender (idPersona, idAnimal) values (10014, 20098);
insert into atender (idPersona, idAnimal) values (10015, 20070);
insert into atender (idPersona, idAnimal) values (10016, 20041);
insert into atender (idPersona, idAnimal) values (10017, 20099);
insert into atender (idPersona, idAnimal) values (10018, 20023);
insert into atender (idPersona, idAnimal) values (10019, 20046);

--laborar
insert into laborar (idPersona, tipoBioma) values (10000, 'bosque tropical');
insert into laborar (idPersona, tipoBioma) values (10001, 'desierto');
insert into laborar (idPersona, tipoBioma) values (10002, 'franja costera');
insert into laborar (idPersona, tipoBioma) values (10003, 'bosque templado');
insert into laborar (idPersona, tipoBioma) values (10004, 'pastizales');
insert into laborar (idPersona, tipoBioma) values (10005, 'pastizales');
insert into laborar (idPersona, tipoBioma) values (10006, 'bosque templado');
insert into laborar (idPersona, tipoBioma) values (10007, 'pastizales');
insert into laborar (idPersona, tipoBioma) values (10008, 'bosque templado');
insert into laborar (idPersona, tipoBioma) values (10009, 'bosque templado');
insert into laborar (idPersona, tipoBioma) values (10010, 'bosque templado');
insert into laborar (idPersona, tipoBioma) values (10011, 'bosque templado');
insert into laborar (idPersona, tipoBioma) values (10012, 'aviario');
insert into laborar (idPersona, tipoBioma) values (10013, 'tundra');
insert into laborar (idPersona, tipoBioma) values (10014, 'bosque tropical');
insert into laborar (idPersona, tipoBioma) values (10015, 'pastizales');
insert into laborar (idPersona, tipoBioma) values (10016, 'tundra');
insert into laborar (idPersona, tipoBioma) values (10017, 'franja costera');
insert into laborar (idPersona, tipoBioma) values (10018, 'aviario');
insert into laborar (idPersona, tipoBioma) values (10019, 'aviario');
insert into laborar (idPersona, tipoBioma) values (10200, 'pastizales');
insert into laborar (idPersona, tipoBioma) values (10201, 'franja costera');
insert into laborar (idPersona, tipoBioma) values (10202, 'tundra');
insert into laborar (idPersona, tipoBioma) values (10203, 'tundra');
insert into laborar (idPersona, tipoBioma) values (10204, 'bosque templado');
insert into laborar (idPersona, tipoBioma) values (10205, 'bosque templado');
insert into laborar (idPersona, tipoBioma) values (10206, 'tundra');
insert into laborar (idPersona, tipoBioma) values (10207, 'tundra');
insert into laborar (idPersona, tipoBioma) values (10208, 'bosque templado');
insert into laborar (idPersona, tipoBioma) values (10209, 'aviario');
insert into laborar (idPersona, tipoBioma) values (10210, 'aviario');
insert into laborar (idPersona, tipoBioma) values (10211, 'desierto');
insert into laborar (idPersona, tipoBioma) values (10212, 'tundra');
insert into laborar (idPersona, tipoBioma) values (10213, 'franja costera');
insert into laborar (idPersona, tipoBioma) values (10214, 'desierto');
insert into laborar (idPersona, tipoBioma) values (10215, 'franja costera');
insert into laborar (idPersona, tipoBioma) values (10216, 'bosque tropical');
insert into laborar (idPersona, tipoBioma) values (10217, 'tundra');
insert into laborar (idPersona, tipoBioma) values (10218, 'franja costera');
insert into laborar (idPersona, tipoBioma) values (10219, 'bosque templado');
insert into laborar (idPersona, tipoBioma) values (10220, 'bosque tropical');
insert into laborar (idPersona, tipoBioma) values (10221, 'bosque templado');



